Basin_ID;Contour_ID;Height_min;Height_max;Population_echt;Population;area (m2);DEV_1_Value_original;DEV_2_Value_original;DEV_3_Value_original;DEV_5_Value_original;DEV_7_Value_original;DEV_1_Value;DEV_2_Value;DEV_3_Value;DEV_5_Value;DEV_7_Value;;;;;;;;
0;0;0;0;0;0;9999999;0;0;0;0;0;0;0;0;0;0;;;;;;;;
1;5;1.75;2;0.734808859;1.256645978;34420.7;13346.7;0;0;0;0;1046.159476;0;0;0;0;;;;;;;;
1;6;2;2.25;0.551106644;0.942484483;32083.1;8067.7;16530.5;0;0;0;632.3736058;1295.716486;0;0;0;;;;;;sum;312147.8492;
1;7;2.25;2.5;0.367404429;0.628322989;17210.4;2705;0;0;0;0;212.0270466;0;0;0;0;;;;;;cencus;533825;1.710167158
1;8;2.5;2.75;0.734808859;1.256645978;34420.7;9455.2;14894.2;0;0;0;741.1305474;1167.457759;0;0;0;;;;;;;;
1;9;2.75;3;1.518025637;2.596077589;77446.7;17501.5;37829.3;0;0;0;1371.826749;2965.188448;0;0;0;;;;;;;;
1;10;3;3.25;5.404138433;9.241980064;261977.1;83548.7;67089.8;0;0;0;6548.829614;5258.725379;0;0;0;;;;;;;;
1;11;3.25;3.5;13.81227821;23.62130456;576547.3;156683.6;450848.8;0;0;0;12281.39037;35339.05343;0;0;0;;;;;;chota pop;87.6;
1;12;3.5;3.75;25.750607;44.03784238;1077314.1;275946.2;619820.3;0;0;0;21629.59623;48583.61095;0;0;0;;;;;;factor;2;
1;13;3.75;4;26.09970369;44.63485609;1052650.8;256193.8;676849.7;0;0;0;20081.33633;53053.76816;0;0;0;;;;;;;;
1;14;4;4.25;36.95074579;63.1919519;1568293.5;383515.8;1214857.3;0;0;0;30061.26521;95224.62304;0;0;0;;;;;;;;
1;15;4.25;4.5;30.61370991;52.35456126;1231395.3;172118.5;2697843.6;0;0;0;13491.23002;211466.1037;0;0;0;;;;;;;;
1;16;4.5;4.75;31.22968968;53.40798965;1345227.4;231158;5554012.4;0;0;0;18118.94567;435342.272;0;0;0;;;;;;tot valeu;2,993,762,318.40;
1;17;4.75;5;53.31399054;91.17583568;1952224.5;167730.6;6430575.9;0;0;0;13147.29159;504050.2831;0;0;0;;;;;;;234661213.5;
1;18;5;5.25;106.7039614;182.4816103;1754596.6;36331;1903735.3;0;0;0;2847.746628;149221.21;0;0;0;;;;;;;0.078383381;
1;19;5.25;5.5;92.34455535;157.9246258;1557500.7;40208;3507483.6;0;0;0;3151.638998;274928.4246;0;0;0;;;;;;;;
1;20;5.5;5.75;125.9901109;215.4641498;940771.3;33760.5;4530421.8;0;0;0;2646.262146;355109.7797;0;0;0;;;;;;;;
1;21;5.75;6;348.1097434;595.3258505;655858.7;31535.2;3261795.4;0;0;0;2471.835608;255670.5528;0;0;0;;;;;;;;
1;22;6;6.25;348.6628217;596.2717067;618100.4;9666.6;3570874;0;0;0;757.7007942;279897.1785;0;0;0;;;;;;;;
1;23;6.25;6.5;499.7907433;854.7257149;525307.5;25268.8;2925571.4;0;0;0;1980.653987;229316.1787;0;0;0;;;;;;;;
1;24;6.5;6.75;30.30528724;51.82710695;467452.6;11493.5;2851122.2;0;0;0;900.8993936;223480.5987;0;0;0;;;;;;;;
1;25;6.75;7;578.9290226;990.0654011;415985.1;18134.9;3414202.4;0;0;0;1421.474783;267616.7288;0;0;0;;;;;;;;
1;26;7;7.25;730.5246872;1249.319328;266541.2;2441.2;2651916.3;0;0;0;191.3495106;207866.1667;0;0;0;;;;;;;;
1;27;7.25;7.5;488.9554864;836.1956145;302672.9;12999.1;1890715;0;0;0;1018.913413;148200.6349;0;0;0;;;;;;;;
1;28;7.5;7.75;655.8495302;1121.612327;355334.8;37.4;3300515.4;0;0;0;2.931538463;258705.5573;0;0;0;;;;;;;;
1;29;7.75;8;259.6231132;443.9989216;289947.7;0;2594569.1;0;0;0;0;203371.0992;0;0;0;;;;;;;;
1;30;8;8.25;573.2209089;980.3035725;321714.1;15598.5;2724458.6;0;0;0;1222.663174;213552.2774;0;0;0;;;;;;;;
1;31;8.25;8.5;727.8800967;1244.796636;347269.2;9078.6;3638206;0;0;0;711.611366;285174.8884;0;0;0;;;;;;;;
1;32;8.5;8.75;645.9308128;1104.649662;237141.1;5860.1;1689129;0;0;0;459.3344531;132399.6426;0;0;0;;;;;;;;
1;33;8.75;9;1370.099884;2343.099825;346878.5;1466;3608903.5;0;0;0;114.9100371;282878.0593;0;0;0;;;;;;;;
1;34;9;9.25;2005.193469;3429.216015;431170.3;5559;6188992.4;0;0;0;435.733217;485114.1515;0;0;0;;;;;;;;
1;35;9.25;9.5;1526.154728;2609.979694;313917;0;4761770.3;0;0;0;0;373243.6574;0;0;0;;;;;;;;
1;36;9.5;9.75;1689.263016;2888.92213;394110;3332.8;4685661;0;0;0;261.2361334;367277.9531;0;0;0;;;;;;;;
1;37;9.75;10;1693.763119;2896.618059;438570.5;5416.4;5702066.5;0;0;0;424.5557468;446947.253;0;0;0;;;;;;;;
1;38;10;10.25;1608.967052;2751.60261;351049.3;0;5145365.1;0;0;0;0;403311.1149;0;0;0;;;;;;;;
1;39;10.25;10.5;1604.815862;2744.503382;287659.1;14.8;4594584.8;0;0;0;1.160074044;360139.0926;0;0;0;;;;;;;;
1;40;10.5;10.75;2251.077099;3849.718124;444954.8;0;7998624.1;0;0;0;0;626959.2032;0;0;0;;;;;;;;
1;41;10.75;11;1842.985202;3151.812764;305231.6;0;6200081;0;0;0;0;485983.3135;0;0;0;;;;;;;;
1;42;11;11.25;1927.432355;3296.231512;424811.1;2494;8488118;0;0;0;195.4881531;665327.3902;0;0;0;;;;;;;;
1;43;11.25;11.5;1691.411971;2892.597203;336971.6;0;6294859.7;0;0;0;0;493412.3885;0;0;0;;;;;;;;
1;44;11.5;11.75;1762.87294;3014.807406;283636.8;0;6151809.1;0;0;0;0;482199.5987;0;0;0;;;;;;;;
1;45;11.75;12;723.5082244;1237.320004;182534;5559;3431664.9;0;0;0;435.733217;268985.4986;0;0;0;;;;;;;;
1;46;12;12.25;1518.770861;2597.352046;221848.8;0;5782542.4;0;0;0;0;453255.2262;0;0;0;;;;;;;;
1;47;12.25;12.5;1441.106563;2464.533115;221187;0;5272432.9;0;0;0;0;413271.1187;0;0;0;;;;;;;;
1;48;12.5;12.75;1037.950569;1775.068975;143485;0;3481033.7;0;0;0;0;272855.192;0;0;0;;;;;;;;
1;49;12.75;13;1280.068905;2189.131801;175542.8;0;4309838.1;0;0;0;0;337819.6834;0;0;0;;;;;;;;
1;50;13;13.25;1435.958537;2455.72913;179944;0;4963338.3;0;0;0;0;389043.2388;0;0;0;;;;;;;;
1;51;13.25;13.5;797.815977;1364.398682;103182.8;0;2807921.5;0;0;0;0;220094.3818;0;0;0;;;;;;;;
1;52;13.5;13.75;639.4099853;1093.497957;92213.5;0;2325447.4;0;0;0;0;182276.4304;0;0;0;;;;;;;;
1;53;13.75;14;637.958858;1091.016287;75981.7;0;2160048.4;0;0;0;0;169311.8975;0;0;0;;;;;;;;
1;54;14;14.25;638.1425603;1091.330449;68300.7;0;1909604.4;0;0;0;0;149681.2499;0;0;0;;;;;;;;
1;55;14.25;14.5;1116.428002;1909.278502;107228.5;0;3326519.5;0;0;0;0;260743.8466;0;0;0;;;;;;;;
1;56;14.5;14.75;797.6322748;1364.08452;90885.3;0;2609286.9;0;0;0;0;204524.7302;0;0;0;;;;;;;;
1;57;14.75;15;558.397703;954.9534126;69816;0;1817168;0;0;0;0;142435.7723;0;0;0;;;;;;;;
1;58;15;15.25;159.4897145;272.7540718;18520;0;479818.2;0;0;0;0;37609.77295;0;0;0;;;;;;;;
1;59;15.25;15.5;398.7242863;681.8851794;48201.2;0;1421743.1;0;0;0;0;111441.0316;0;0;0;;;;;;;;
1;60;15.5;15.75;399.6243069;683.4243651;42630.2;0;1198355.7;0;0;0;0;93931.17184;0;0;0;;;;;;;;
1;61;15.75;16;159.4897145;272.7540718;17282.7;0;571246.3;0;0;0;0;44776.21658;0;0;0;;;;;;;;
1;62;16;16.25;478.4691435;818.2622153;45622.7;0;1383044.7;0;0;0;0;108407.7202;0;0;0;;;;;;;;
1;63;16.25;16.5;79.74123887;136.3708478;8605.2;0;282190.3;0;0;0;0;22119.0299;0;0;0;;;;;;;;
1;64;16.5;16.75;51.90229083;88.76159319;5601;0;183673.6;0;0;0;0;14396.95783;0;0;0;;;;;;;;
1;65;16.75;17;239.2345718;409.1311076;19355;0;579605.1;0;0;0;0;45431.40759;0;0;0;;;;;;;;
1;66;17;17.25;159.4897145;272.7540718;13959.4;0;402525.4;0;0;0;0;31551.30193;0;0;0;;;;;;;;
1;67;17.25;17.5;159.4897145;272.7540718;17210.4;0;564380.6;0;0;0;0;44238.0598;0;0;0;;;;;;;;
1;76;19.5;19.75;51.24264089;87.63348152;5529.8;0;212060;0;0;0;0;16621.97985;0;0;0;;;;;;;;
2;15;4.25;4.5;69.85269538;119.4597855;639655;0;795046.5;0;0;0;0;62318.43301;0;0;0;;;;;;;;
2;16;4.5;4.75;163.3434423;279.3445905;1629057.2;0;1277139.4;0;0;0;0;100106.5046;0;0;0;;;;;;;;
2;17;4.75;5;230.6227237;394.403408;769007.7;0;917495.1;0;0;0;0;71916.36832;0;0;0;;;;;;;;
2;18;5;5.25;510.8698863;873.6729015;382885.5;0;1197737.9;0;0;0;0;93882.74658;0;0;0;;;;;;;;
2;19;5.25;5.5;558.2140008;954.6392511;71047.4;0;526234;0;0;0;0;41248.00031;0;0;0;;;;;;;;
2;20;5.5;5.75;797.4485725;1363.770359;91967.6;0;811264.9;0;0;0;0;63589.68604;0;0;0;;;;;;;;
2;21;5.75;6;239.2345718;409.1311076;27055.5;0;329282.3;0;0;0;0;25810.2601;0;0;0;;;;;;;;
2;23;6.25;6.5;318.979429;545.5081435;44281.8;0;500502.2;0;0;0;0;39231.05481;0;0;0;;;;;;;;
2;24;6.5;6.75;54.81947782;93.75047057;5915.8;0;36748.9;0;0;0;0;2880.503043;0;0;0;;;;;;;;
2;26;7;7.25;159.4897145;272.7540718;17210.4;0;283076.7;0;0;0;0;22188.50893;0;0;0;;;;;;;;
2;29;7.75;8;159.4897145;272.7540718;23126.1;0;319778.5;0;0;0;0;25065.32012;0;0;0;;;;;;;;
2;30;8;8.25;40.10736705;68.59030191;4328.1;0;59016.2;0;0;91.4;0;4625.889311;0;0;7.164241056;;;;;;;;
2;31;8.25;8.5;79.74123887;136.3708478;8605.2;0;141538.3;0;0;0;0;11094.25055;0;0;0;;;;;;;;
2;32;8.5;8.75;54.81947782;93.75047057;5915.8;0;97303.1;0;0;0;0;7626.945995;0;0;0;;;;;;;;
2;33;8.75;9;63.21291521;108.1046515;6821.5;0;281122.9;0;0;424.4;0;22035.36348;0;0;33.26590705;;;;;;;;
2;34;9;9.25;83.75615212;143.2370206;9038.4;0;141538.3;0;0;28292.3;0;11094.25055;0;0;2217.64614;;;;;;;;
2;36;9.5;9.75;134.5607167;230.1213184;14521;0;238971.2;0;0;0;0;18731.3707;0;0;0;;;;;;;;
2;37;9.75;10;48.80216736;83.45986384;5266.4;0;217239;0;0;0;0;17027.92738;0;0;0;;;;;;;;
2;38;10;10.25;159.4897145;272.7540718;17210.4;0;496502.8;0;0;0;0;38917.56832;0;0;0;;;;;;;;
2;41;10.75;11;79.74123887;136.3708478;8605.2;0;354964.5;0;0;0;0;27823.31777;0;0;0;;;;;;;;
2;42;11;11.25;239.2345718;409.1311076;25815.6;0;638204.1;0;0;0;0;50024.59535;0;0;0;;;;;;;;
2;43;11.25;11.5;32.83652677;56.15594966;3543.5;0;146169.4;0;0;0;0;11457.25182;0;0;0;;;;;;;;
2;47;12.25;12.5;159.4897145;272.7540718;17210.4;0;496634.3;0;0;0;0;38927.87573;0;0;0;;;;;;;;
2;48;12.5;12.75;159.4897145;272.7540718;15743.5;0;472375.3;0;0;0;0;37026.37328;0;0;0;;;;;;;;
2;51;13.25;13.5;79.74123887;136.3708478;8605.2;0;141538.3;0;0;0;0;11094.25055;0;0;0;;;;;;;;
2;57;14.75;15;119.2096243;203.8683844;12864.4;0;530656.5;0;0;0;0;41594.65081;0;0;0;;;;;;;;
2;63;16.25;16.5;38.7428987;66.25683295;4180.9;0;172462.1;0;0;0;0;13518.16255;0;0;0;;;;;;;;
2;64;16.5;16.75;31.97047079;54.67484916;3450.1;0;142316.6;0;0;0;0;11155.25633;0;0;0;;;;;;;;
3;14;4;4.25;4.151189176;7.099227394;57164.3;0;129045;0;0;0;0;10114.98345;0;0;0;;;;;;;;
3;15;4.25;4.5;215.2921205;368.1855137;2239952.1;0;6062276;0;0;2480852.8;0;475181.6916;0;0;194457.6311;;;;;;;;
3;16;4.5;4.75;170.6671256;291.8693132;2102466.2;0;7705014.8;0;0;7124721.8;0;603945.1134;0;0;558459.7859;;;;;;;;
3;17;4.75;5;1159.278339;1982.559741;1696767.7;0;14175739.8;0;0;6994783.3;0;1111142.419;0;0;548274.7669;;;;;;;;
3;18;5;5.25;934.0929791;1597.455135;834166.3;0;10301467.4;0;0;7333479.5;0;807463.8478;0;0;574822.9203;;;;;;;;
3;19;5.25;5.5;518.442968;886.6241371;567364.5;0;6461223.8;0;0;14226656;0;506452.5692;0;0;1115133.403;;;;;;;;
3;20;5.5;5.75;600.6731367;1027.251471;653098.4;0;7754320.9;0;0;19688072.8;0;607809.8923;0;0;1543217.718;;;;;;;;
3;21;5.75;6;512.4277231;876.3370627;733295.7;0;9331087.1;0;0;29044429.8;0;731402.1586;0;0;2276600.617;;;;;;;;
3;22;6;6.25;274.6517982;469.7004851;614694.3;0;6750749.6;0;0;25751238.8;0;529146.5804;0;0;2018469.171;;;;;;;;
3;23;6.25;6.5;736.1638019;1258.963157;696043.4;0;5563433.5;0;0;29416657;0;436080.7297;0;0;2305777.044;;;;;;;;
3;24;6.5;6.75;731.3941337;1250.806227;405810.7;0;5669679;0;0;18176932.4;0;444408.6112;0;0;1424769.424;;;;;;;;
3;25;6.75;7;406.6766735;695.4850908;269660.4;0;1840139.2;0;0;17037057.3;0;144236.3327;0;0;1335422.16;;;;;;;;
3;26;7;7.25;641.5868864;1097.220822;199445.2;0;3302294.1;0;0;6980534.7;0;258844.9778;0;0;547157.9135;;;;;;;;
3;27;7.25;7.5;162.2082668;277.4032507;131656.2;0;702634.2;0;0;7504133;0;55074.84445;0;0;588199.3187;;;;;;;;
3;28;7.5;7.75;82.29819782;140.7436751;113145.8;0;778169.4;0;0;3005132.4;0;60995.54884;0;0;235552.4389;;;;;;;;
3;29;7.75;8;81.93079339;140.1153521;84167.9;0;566316.5;0;0;1941699.5;0;44389.80219;0;0;152196.9724;;;;;;;;
3;30;8;8.25;1.634829492;2.795831705;29244.6;0;226737.6;0;0;804300.4;0;17772.45977;0;0;63043.78498;;;;;;;;
3;31;8.25;8.5;81.19598453;138.8587061;42423.5;0;282541.2;0;0;1639064;0;22146.53463;0;0;128475.3786;;;;;;;;
3;32;8.5;8.75;81.19598453;138.8587061;43221;0;89203.4;0;0;2553722.5;0;6992.064121;0;0;200169.4046;;;;;;;;
3;33;8.75;9;1.451127277;2.481670211;41420.6;0;662335.6;0;0;1283343.4;0;51916.10392;0;0;100592.7951;;;;;;;;
3;34;9;9.25;240.685699;411.6127778;59803;0;317517.6;0;0;2320376.6;0;24888.10313;0;0;181878.9639;;;;;;;;
3;35;9.25;9.5;81.03077276;138.5761663;74633.5;0;861283.2;0;0;691086.7;0;67510.28952;0;0;54169.71236;;;;;;;;
3;36;9.5;9.75;82.29819782;140.7436751;81865.4;0;1333841.4;0;0;0;0;104550.9991;0;0;0;;;;;;;;
3;37;9.75;10;80.66336833;137.9478433;51920.8;0;752551.6;0;0;564161.9;0;58987.53905;0;0;44220.91736;;;;;;;;
3;38;10;10.25;160.5734374;274.607419;34191.8;0;591800.8;0;0;912650.3;0;46387.34779;0;0;71536.61651;;;;;;;;
3;39;10.25;10.5;80.8285801;138.2303831;25815.6;0;0;0;0;2139851.4;0;0;0;0;167728.7883;;;;;;;;
3;40;10.5;10.75;160.5734374;274.607419;31308.3;0;53274.7;0;0;2260276.3;0;4175.851127;0;0;177168.0992;;;;;;;;
3;41;10.75;11;79.74123887;136.3708478;8605.2;0;0;0;0;561876.5;0;0;0;0;44041.77998;;;;;;;;
3;43;11.25;11.5;46.90471209;80.21489817;5061.7;0;207351.4;0;0;2285.3;0;16252.90386;0;0;179.1295414;;;;;;;;
3;44;11.5;11.75;79.74123887;136.3708478;8605.2;0;143414.3;0;0;0;0;11241.29777;0;0;0;;;;;;;;
3;45;11.75;12;98.44862925;168.3636125;10624;0;77421;0;0;561876.5;0;6068.519768;0;0;44041.77998;;;;;;;;
3;46;12;12.25;239.2345718;409.1311076;25815.6;0;286972.1;0;0;561876.5;0;22493.84355;0;0;44041.77998;;;;;;;;
3;48;12.5;12.75;159.4897145;272.7540718;17210.4;0;330009.4;0;0;561876.5;0;25867.25265;0;0;44041.77998;;;;;;;;
3;50;13;13.25;159.4897145;272.7540718;17210.4;0;143488;0;0;561876.5;0;11247.07462;0;0;44041.77998;;;;;;;;
3;51;13.25;13.5;79.74123887;136.3708478;8605.2;0;217092;0;0;0;0;17016.40503;0;0;0;;;;;;;;
3;52;13.5;13.75;318.979429;545.5081435;37376.4;0;611025.2;0;0;1123531.1;0;47894.22127;0;0;88066.16668;;;;;;;;
3;54;14;14.25;159.4897145;272.7540718;25218.2;0;800979.9;0;0;0;0;62783.51296;0;0;0;;;;;;;;
3;55;14.25;14.5;239.2345718;409.1311076;36952.1;0;1101257.3;0;0;0;0;86320.27092;0;0;0;;;;;;;;
3;56;14.5;14.75;159.4897145;272.7540718;21247.9;0;128627.9;0;0;1123309.1;0;10082.28974;0;0;88048.76557;;;;;;;;
3;57;14.75;15;40.27285339;68.87331121;4346;0;179272.5;0;0;0;0;14051.98473;0;0;0;;;;;;;;
3;58;15;15.25;239.2345718;409.1311076;34012.5;0;1132368.7;0;0;2285.3;0;88758.88765;0;0;179.1295414;;;;;;;;
3;59;15.25;15.5;239.2345718;409.1311076;28291.9;0;496741.8;0;0;561654.5;0;38936.30195;0;0;44024.37887;;;;;;;;
3;60;15.5;15.75;79.74123887;136.3708478;8605.2;0;217551.3;0;0;0;0;17052.40651;0;0;0;;;;;;;;
3;61;15.75;16;159.4897145;272.7540718;18141.9;0;255606.3;0;0;561654.5;0;20035.28609;0;0;44024.37887;;;;;;;;
3;62;16;16.25;87.00503256;148.7931492;9389;0;387296.3;0;0;0;0;30357.59358;0;0;0;;;;;;;;
3;63;16.25;16.5;40.99834017;70.11401489;4424.3;0;182502.4;0;0;0;0;14305.15522;0;0;0;;;;;;;;
3;64;16.5;16.75;64.13140339;109.6754199;6920.7;0;285478.9;0;0;0;0;22376.80149;0;0;0;;;;;;;;
3;66;17;17.25;58.63502351;100.2756915;6327.5;0;208921.8;0;0;0;0;16375.99712;0;0;0;;;;;;;;
4;11;3.25;3.5;0.183702215;0.314161494;12056.1;0;82288.4;0;0;0;0;6450.043039;0;0;0;;;;;;;;
4;12;3.5;3.75;5.192016315;8.879215785;199527.8;0;640792.9;0;0;0;0;50227.51425;0;0;0;;;;;;;;
4;13;3.75;4;46.30454293;79.18850857;1343263.9;0;4493016.6;0;0;0;0;352177.8336;0;0;0;;;;;;;;
4;14;4;4.25;60.74951661;103.8918282;1250163.2;0;4401625.1;0;0;0;0;345014.2588;0;0;0;;;;;;;;
4;15;4.25;4.5;22.1756581;37.92408219;432319.2;0;1639103.1;0;0;0;0;128478.4434;0;0;0;;;;;;;;
4;16;4.5;4.75;25.66043435;43.88363209;429265.4;0;1647390.5;0;0;0;0;129128.0378;0;0;0;;;;;;;;
4;17;4.75;5;24.7049424;42.24958112;336795.5;0;1177375.5;0;0;0;0;92286.67282;0;0;0;;;;;;;;
4;18;5;5.25;10.6720167;18.25093247;203946.9;0;1239012.4;0;0;0;0;97117.98146;0;0;0;;;;;;;;
4;19;5.25;5.5;12.65576018;21.64346542;225862.4;0;1532125;0;0;0;0;120093.1382;0;0;0;;;;;;;;
4;20;5.5;5.75;10.6720167;18.25093247;192013.9;0;1404048.4;0;0;0;0;110054.0612;0;0;0;;;;;;;;
4;21;5.75;6;8.834994555;15.10931753;114494.9;0;588138.7;0;0;0;0;46100.30001;0;0;0;;;;;;;;
4;22;6;6.25;4.72078626;8.073333621;127822;0;795724;0;0;0;0;62371.53775;0;0;0;;;;;;;;
4;23;6.25;6.5;11.57203733;19.7901182;213044;0;1214450.9;0;0;0;0;95192.76804;0;0;0;;;;;;;;
4;24;6.5;6.75;8.339359232;14.26169828;198672.1;0;1017814.8;0;0;0;0;79779.76562;0;0;0;;;;;;;;
4;25;6.75;7;14.45580145;24.72183688;248289.7;0;1595278.4;0;0;0;0;125043.3152;0;0;0;;;;;;;;
4;26;7;7.25;15.70473607;26.85772385;232383.5;0;1176996;0;0;0;0;92256.92633;0;0;0;;;;;;;;
4;27;7.25;7.5;15.74171695;26.92096734;301181.5;0;965382.1;0;0;0;0;75669.9133;0;0;0;;;;;;;;
4;28;7.5;7.75;18.05588398;30.87857979;290054;0;808606.9;0;0;0;0;63381.34301;0;0;0;;;;;;;;
4;29;7.75;8;21.65596651;37.0353227;327999.1;0;1017417.7;0;0;0;0;79748.63958;0;0;0;;;;;;;;
4;30;8;8.25;18.7722024;32.10360402;275365.9;0;1414202.1;0;0;0;0;110849.9425;0;0;0;;;;;;;;
4;31;8.25;8.5;15.88843828;27.17188534;246488.5;0;1384461.9;0;0;0;0;108518.8051;0;0;0;;;;;;;;
4;32;8.5;8.75;20.62771499;35.27684071;398443.9;0;2347106.7;0;0;0;0;183974.1596;0;0;0;;;;;;;;
4;33;8.75;9;17.70499838;30.27850676;345302.3;0;1891650.3;0;0;0;0;148273.9469;0;0;0;;;;;;;;
4;34;9;9.25;15.92541917;27.23512883;302753.8;0;1652524.2;0;0;0;0;129530.4346;0;0;0;;;;;;;;
4;35;9.25;9.5;24.39103768;41.71275159;449088.6;0;2220902.9;0;0;0;0;174081.879;0;0;0;;;;;;;;
4;36;9.5;9.75;21.1213787;36.12108818;358850.9;0;2026349.4;0;0;0;0;158832.1178;0;0;0;;;;;;;;
4;37;9.75;10;21.85815917;37.38110594;343304.1;0;2200888.7;0;0;0;0;172513.0983;0;0;0;;;;;;;;
4;38;10;10.25;14.90854106;25.4960973;275386.9;0;2056233.4;0;0;0;0;161174.5268;0;0;0;;;;;;;;
4;39;10.25;10.5;13.72099259;23.4651909;201378.4;0;1382091.1;0;0;0;0;108332.9738;0;0;0;;;;;;;;
4;40;10.5;10.75;16.58626626;28.36528783;225640.4;0;1933581.6;0;0;0;0;151560.6639;0;0;0;;;;;;;;
4;41;10.75;11;10.46982405;17.90514923;171503;0;1538138.5;0;0;0;0;120564.4966;0;0;0;;;;;;;;
4;42;11;11.25;12.06767266;20.63773745;141202.3;0;1140369.4;0;0;0;0;89386.00957;0;0;0;;;;;;;;
4;43;11.25;11.5;12.25137487;20.95189894;184783.5;0;1930490.2;0;0;0;0;151318.3496;0;0;0;;;;;;;;
4;44;11.5;11.75;9.551312973;16.33434176;111633.2;0;1180114.7;0;0;0;0;92501.38058;0;0;0;;;;;;;;
4;45;11.75;12;9.900226962;16.931043;117533.9;0;1354948.2;0;0;0;0;106205.4215;0;0;0;;;;;;;;
4;46;12;12.25;13.1513955;22.49108467;153428;0;1939372;0;0;0;0;152014.5351;0;0;0;;;;;;;;
4;47;12.25;12.5;9.900226962;16.931043;107836.9;0;1406253.3;0;0;0;0;110226.8887;0;0;0;;;;;;;;
4;48;12.5;12.75;11.88397044;20.32357595;114347.1;0;1405535;0;0;0;0;110170.5859;0;0;0;;;;;;;;
4;49;12.75;13;9.900226962;16.931043;98784.8;0;1333549.3;0;0;0;0;104528.1033;0;0;0;;;;;;;;
4;50;13;13.25;6.30014443;10.77430009;60236.3;0;709792.2;0;0;0;0;55635.9127;0;0;0;;;;;;;;
4;51;13.25;13.5;7.200165063;12.31348582;67301.9;0;1057164.4;0;0;0;0;82864.12032;0;0;0;;;;;;;;
4;52;13.5;13.75;7.200165063;12.31348582;67193.5;0;1005802.3;0;0;0;0;78838.18525;0;0;0;;;;;;;;
4;53;13.75;14;4.683805379;8.010090133;49992.6;0;797172.5;0;0;0;0;62485.07608;0;0;0;;;;;;;;
4;54;14;14.25;9.900226962;16.931043;88461.4;0;1048767.2;0;0;0;0;82205.91939;0;0;0;;;;;;;;
4;55;14.25;14.5;2.700061899;4.617557183;23989.9;0;172202.9;0;0;0;0;13497.84558;0;0;0;;;;;;;;
4;56;14.5;14.75;3.600082532;6.156742911;39152;0;633129.3;0;0;0;0;49626.81537;0;0;0;;;;;;;;
4;57;14.75;15;1.800041266;3.078371455;20491.7;0;337419.3;0;0;0;0;26448.06567;0;0;0;;;;;;;;
4;58;15;15.25;1.800041266;3.078371455;11858.3;0;236149.4;0;0;0;0;18510.18848;0;0;0;;;;;;;;
4;59;15.25;15.5;1.800041266;3.078371455;14160.9;0;253472.5;0;0;0;0;19868.03163;0;0;0;;;;;;;;
4;63;16.25;16.5;0.423939604;0.725007587;4053.5;0;62796.8;0;0;0;0;4922.225522;0;0;0;;;;;;;;
5;13;3.75;4;39.60090785;67.72417202;369455.8;0;2701010.3;2649996;0;0;0;211714.3204;207715.6471;0;0;;;;;;;;
5;14;4;4.25;158.4036314;270.8966881;1493623.6;0;5901561.6;5296190.2;0;0;0;462584.3535;415133.2962;0;0;;;;;;;;
5;15;4.25;4.5;141.000565;241.1345355;1459817.4;0;8907143.3;663572.8;0;0;0;698172.0101;52013.07984;0;0;;;;;;;;
5;16;4.5;4.75;829.6071735;1418.766942;2346100.1;0;12957718.4;1326343.6;0;1569711.6;0;1015669.783;103963.2962;0;123039.303;;;;;;;;
5;17;4.75;5;1939.588542;3317.020624;2237348;0;11485793.6;940.8;0;25577558.4;0;900295.34;73.74308518;0;2004855.514;;;;;;;;
5;18;5;5.25;935.2938726;1599.508864;686006;0;5074608.1;0;0;17103728;0;397764.9419;0;0;1340648.034;;;;;;;;
5;19;5.25;5.5;919.7618858;1572.94657;539581.9;0;4750608.7;0;0;20278723.8;0;372368.7734;0;0;1589514.941;;;;;;;;
5;20;5.5;5.75;209.2004722;357.7677769;522951.8;0;1915683.4;0;0;31117459.4;0;150157.7425;0;0;2439091.687;;;;;;;;
5;21;5.75;6;532.410967;910.5117501;553709;0;2913195.2;0;0;34184676.3;0;228346.0903;0;0;2679510.519;;;;;;;;
5;22;6;6.25;282.5393878;483.1895817;496832.1;0;3392617.9;2699;0;21078522;0;265924.8627;211.5567463;0;1652205.828;;;;;;;;
5;23;6.25;6.5;917.5550672;1569.172541;523559.8;0;3455807.5;0;0;23720311.4;0;270877.8772;0;0;1859278.214;;;;;;;;
5;24;6.5;6.75;1153.662758;1972.95616;499392.4;0;3694647.8;663572.8;0;20404203;0;289598.9875;52013.07984;0;1599350.425;;;;;;;;
5;25;6.75;7;1940.186795;3318.043737;445006.8;0;4206336.2;0;0;11802692.1;0;329706.8545;0;0;925134.9159;;;;;;;;
5;26;7;7.25;1375.915767;2353.045956;346246.3;0;3976633.1;0;0;4440139.5;0;311701.9488;0;0;348033.1477;;;;;;;;
5;27;7.25;7.5;898.3076915;1536.256312;266086.6;0;2833831.5;663572.8;0;5008872.5;0;222125.2952;52013.07984;0;392612.3633;;;;;;;;
5;28;7.5;7.75;644.5669924;1102.317301;142324.4;0;1377053;0;0;344093.5;0;107938.0704;0;0;26971.21203;;;;;;;;
5;29;7.75;8;485.9977605;831.1374088;116857.2;0;2039340.9;0;0;0;0;159850.4355;0;0;0;;;;;;;;
5;30;8;8.25;642.9711154;1099.588085;132029.6;0;2537843.7;663572.8;0;779252.5;0;198924.7706;52013.07984;0;61080.44588;;;;;;;;
5;31;8.25;8.5;640.5995054;1095.532235;109636.1;0;2187948.5;0;0;779252.5;0;171498.8017;0;0;61080.44588;;;;;;;;
5;32;8.5;8.75;321.6200764;550.0240919;81634.4;0;1484769.7;663572.8;0;0;0;116381.2696;52013.07984;0;0;;;;;;;;
5;33;8.75;9;482.397678;824.9806659;98100.7;0;1665991.6;0;0;0;0;130586.0549;0;0;0;;;;;;;;
5;34;9;9.25;481.1971513;822.9275646;90320.4;0;1506382.3;0;0;0;0;118075.3383;0;0;0;;;;;;;;
5;35;9.25;9.5;321.1748206;549.2626301;117265.9;0;2022849;0;0;0;0;158557.7446;0;0;0;;;;;;;;
5;36;9.5;9.75;246.0154017;420.7274603;178615.9;0;3004255.8;0;0;1629.7;0;235483.7281;0;0;127.7413966;;;;;;;;
5;37;9.75;10;163.0972809;278.9236132;117428.6;0;1495895;0;0;399539.4;0;117253.3083;0;0;31317.24916;;;;;;;;
5;38;10;10.25;242.6589099;414.9872983;154535.6;0;3166145.2;666271.7;0;1625.1;0;248173.1666;52224.62875;0;127.380833;;;;;;;;
5;39;10.25;10.5;324.1160276;554.2925858;197750.8;0;3331170.4;666271.7;0;3250.1;0;261108.3998;52224.62875;0;254.7538278;;;;;;;;
5;40;10.5;10.75;479.3975841;819.8500038;140487.5;0;3002187.5;0;0;1625.1;0;235321.6077;0;0;127.380833;;;;;;;;
5;41;10.75;11;400.2816848;684.5485912;120084.4;0;2749159.8;0;0;0;0;215488.441;0;0;0;;;;;;;;
5;42;11;11.25;240.9556845;412.0744981;141240.7;0;3223212.6;0;0;400862.7;0;252646.3024;0;0;31420.97389;;;;;;;;
5;43;11.25;11.5;81.93079339;140.1153521;95745.1;0;1473436;0;0;399539.4;0;115492.8959;0;0;31317.24916;;;;;;;;
5;44;11.5;11.75;82.82177901;141.6390864;82067.5;0;1655113.5;0;0;1178220.8;0;129733.3927;0;0;92352.93029;;;;;;;;
5;45;11.75;12;240.656676;411.5631436;88329.4;0;2405504.3;2699;0;659.3;0;188551.5609;211.5567463;0;51.67816333;;;;;;;;
5;46;12;12.25;321.5242086;549.860142;123439.9;0;4242631.9;0;0;0;0;332551.8342;0;0;0;;;;;;;;
5;47;12.25;12.5;81.02221178;138.5615256;94079.4;0;2300961.8;0;0;399539.4;0;180357.1663;0;0;31317.24916;;;;;;;;
5;48;12.5;12.75;0.145223758;0.248356901;33615.2;0;824764.6;0;0;398968.3;0;64647.83817;0;0;31272.48441;;;;;;;;
5;49;12.75;13;239.7856784;410.0735921;72200.8;0;2027321;0;0;0;0;158908.2751;0;0;0;;;;;;;;
5;50;13;13.25;479.746024;820.4458943;84840.1;0;2232699.6;0;0;798507.8;0;175006.5442;0;0;62589.74141;;;;;;;;
5;51;13.25;13.5;242.0589213;413.9612175;82175.3;0;2171269.7;664521.3;0;400198.7;0;170191.4609;52087.42648;0;31368.92732;;;;;;;;
5;52;13.5;13.75;319.3562889;546.1526369;53930.5;0;1500492.7;0;0;0;0;117613.6915;0;0;0;;;;;;;;
5;53;13.75;14;2.31219542;3.954240669;34420.7;0;221910.9;1327145.6;0;399539.4;0;17394.1267;104026.1597;0;31317.24916;;;;;;;;
5;54;14;14.25;240.3182946;410.9844549;47400.6;0;1425048;0;0;399539.4;0;111700.0808;0;0;31317.24916;;;;;;;;
5;55;14.25;14.5;400.7080298;685.2777123;70629.4;0;2520329;0;0;398968.3;0;197551.9092;0;0;31272.48441;;;;;;;;
5;56;14.5;14.75;161.0855915;275.4832882;52393.4;0;1117127.1;0;0;797453.8;0;87564.19951;0;0;62507.12532;;;;;;;;
5;57;14.75;15;80.1606696;137.0881445;33219.8;0;971898.5;0;0;0;0;76180.69077;0;0;0;;;;;;;;
5;58;15;15.25;2.0321514;3.475318583;34420.7;0;1021427.8;0;0;0;0;80062.96478;0;0;0;;;;;;;;
5;59;15.25;15.5;80.64487789;137.9162216;17210.4;0;759701.5;0;0;0;0;59547.97239;0;0;0;;;;;;;;
5;60;15.5;15.75;82.24075489;140.645438;60632.1;0;1805211.4;0;0;399539.4;0;141498.5736;0;0;31317.24916;;;;;;;;
5;61;15.75;16;1.083722848;1.853347222;20214.6;0;339961.4;0;0;399539.4;0;26647.32406;0;0;31317.24916;;;;;;;;
5;62;16;16.25;56.57787587;96.75762517;14613.6;0;673862.1;948.5;0;0;0;52819.58997;74.34663722;0;0;;;;;;;;
5;63;16.25;16.5;0.840606093;1.437576933;25815.6;0;86010;0;0;400198.7;0;6741.754631;0;0;31368.92732;;;;;;;;
5;64;16.5;16.75;28.73892783;49.14837053;11609.4;0;320427.6;0;0;0;0;25116.19877;0;0;0;;;;;;;;
5;65;16.75;17;0.551106644;0.942484483;32276.1;0;1414730.7;0;0;0;0;110891.376;0;0;0;;;;;;;;
5;66;17;17.25;1.083722848;1.853347222;17210.4;0;476828.6;948.5;0;399539.4;0;37375.438;74.34663722;0;31317.24916;;;;;;;;
5;67;17.25;17.5;79.92855947;136.6911974;17210.4;0;807512.8;0;0;0;0;63295.58375;0;0;0;;;;;;;;
5;68;17.5;17.75;0.695856369;1.190030708;25815.6;0;222950.5;2699;0;797453.8;0;17475.61407;211.5567463;0;62507.12532;;;;;;;;
5;69;17.75;18;0.512154154;0.875869214;17210.4;0;1942.2;0;0;797453.8;0;152.2362033;0;0;62507.12532;;;;;;;;
5;70;18;18.25;0.695856369;1.190030708;25815.6;0;4199;0;0;1194797.1;0;329.1318183;0;0;93652.23674;;;;;;;;
5;71;18.25;18.5;79.92855947;136.6911974;17210.4;0;236703.2;0;0;0;0;18553.59719;0;0;0;;;;;;;;
5;73;18.75;19;0.183693879;0.314147239;8605.2;0;476828.6;948.5;0;0;0;37375.438;74.34663722;0;0;;;;;;;;
5;76;19.5;19.75;28.68229186;49.05151355;11680.6;0;161207.6;0;0;0;0;12635.99679;0;0;0;;;;;;;;
5;79;20.25;20.5;0.387065055;0.661945946;8605.2;0;0;663572.8;0;0;0;0;52013.07984;0;0;;;;;;;;
6;10;3;3.25;2.700061899;4.617557183;25815.6;0;507878.9;0;0;0;0;39809.2655;0;0;0;;;;;;;;
6;11;3.25;3.5;4.500103164;7.695928638;43025.9;0;793954.3;0;0;0;0;62232.82268;0;0;0;;;;;;;;
6;12;3.5;3.75;31.07437722;53.14237936;321587.5;0;4520258.2;0;718009.3;0;0;354313.1223;0;56279.99678;0;;;;;;;;
6;13;3.75;4;201.8021608;345.1154279;2042854.4;0;21871748.1;0;6532119.5;0;0;1714381.572;0;512009.6138;0;;;;;;;;
6;14;4;4.25;220.211872;376.5991112;1437935.8;0;12763688.4;0;1498814.8;0;0;1000461.055;0;117482.1721;0;;;;;;;;
6;15;4.25;4.5;33.82284703;57.84272218;328022;0;4270537.5;0;799754.5;0;0;334739.1695;0;62687.46197;0;;;;;;;;
6;16;4.5;4.75;15.30035076;26.16615737;151283.8;0;2654327.7;0;239336.4;0;0;208055.1804;0;18759.99631;0;;;;;;;;
6;17;4.75;5;5.448531717;9.3179;55221.2;0;796530.4;0;478672.9;0;0;62434.74611;0;37520.00047;0;;;;;;;;
6;18;5;5.25;9.048614248;15.47464291;88803.2;0;3448345.1;0;0;0;0;270292.949;0;0;0;;;;;;;;
6;19;5.25;5.5;2.748469818;4.700342817;40308;0;1299643.2;0;239336.4;0;0;101870.4286;0;18759.99631;0;;;;;;;;
6;20;5.5;5.75;1.800041266;3.078371455;22784.8;0;517109.9;0;96516.7;0;0;40532.8225;0;7565.305304;0;;;;;;;;
6;21;5.75;6;1.800041266;3.078371455;22320.3;0;396906.3;0;142124.4;0;0;31110.85788;0;11140.19105;0;;;;;;;;
6;22;6;6.25;0.403107746;0.689381628;3854.3;0;6479.1;0;0;0;0;507.8537662;0;0;0;;;;;;;;
6;23;6.25;6.5;82.44491915;140.9945931;26830;0;631957;0;0;0;0;49534.92653;0;0;0;;;;;;;;
6;24;6.5;6.75;1.800041266;3.078371455;23607.4;0;502710.6;0;0;0;0;39404.15667;0;0;0;;;;;;;;
6;25;6.75;7;241.034613;412.2094791;25128.9;0;457468.3;0;0;0;0;35857.91222;0;0;0;;;;;;;;
6;26;7;7.25;2.700061899;4.617557183;37327.8;0;806304;0;0;0;0;63200.83392;0;0;0;;;;;;;;
6;27;7.25;7.5;80.64487789;137.9162216;8723;0;290430.3;0;0;0;0;22764.90896;0;0;0;;;;;;;;
6;28;7.5;7.75;7.480594736;12.79306744;11108.3;0;270475.9;0;0;0;0;21200.81562;0;0;0;;;;;;;;
6;29;7.75;8;82.49332707;141.0773787;40734.3;0;856698;0;73590.4;0;0;67150.88604;0;5768.264388;0;;;;;;;;
6;30;8;8.25;0;0;1017;0;49619.4;0;0;0;0;3889.336353;0;0;0;;;;;;;;
6;31;8.25;8.5;0.899979795;1.539115888;8605.2;0;202180.8;0;0;0;0;15847.61475;0;0;0;;;;;;;;
6;32;8.5;8.75;3.600082532;6.156742911;34420.7;0;817943.2;0;0;0;0;64113.15378;0;0;0;;;;;;;;
6;33;8.75;9;18.27255557;31.24912442;1971.9;0;28042.4;0;0;0;0;2198.058133;0;0;0;;;;;;;;
6;34;9;9.25;80.64487789;137.9162216;17210.4;0;324633.3;0;0;0;0;25445.85576;0;0;0;;;;;;;;
6;35;9.25;9.5;80.64487789;137.9162216;13950.2;0;300620.3;0;0;0;0;23563.63562;0;0;0;;;;;;;;
6;36;9.5;9.75;0.899979795;1.539115888;8605.2;0;206800.2;0;0;0;0;16209.69894;0;0;0;;;;;;;;
6;37;9.75;10;0.899979795;1.539115888;8605.2;0;167102.1;0;0;0;0;13098.02763;0;0;0;;;;;;;;
6;38;10;10.25;0.567442237;0.970421078;5425.6;0;105636.4;0;0;0;0;8280.138227;0;0;0;;;;;;;;
6;39;10.25;10.5;1.070086486;1.830026765;10231.7;0;238494.8;0;0;0;0;18694.02886;0;0;0;;;;;;;;
6;40;10.5;10.75;1.513493993;2.588327721;16292.7;0;290620.8;0;0;0;0;22779.841;0;0;0;;;;;;;;
6;41;10.75;11;1.800041266;3.078371455;14149.1;0;340031.2;0;0;0;0;26652.79522;0;0;0;;;;;;;;
6;42;11;11.25;2.700061899;4.617557183;25815.6;0;537267.3;0;0;0;0;42112.82767;0;0;0;;;;;;;;
6;43;11.25;11.5;2.700061899;4.617557183;25815.6;0;606449.1;0;0;0;0;47535.53108;0;0;0;;;;;;;;
6;44;11.5;11.75;1.376135928;2.353422468;13158;0;311574.9;0;0;0;0;24422.29421;0;0;0;;;;;;;;
6;45;11.75;12;1.083722848;1.853347222;14027.7;0;307738.1;0;0;0;0;24121.55285;0;0;0;;;;;;;;
6;46;12;12.25;0.947539073;1.620450204;9059.9;0;176477.1;0;0;0;0;13832.87183;0;0;0;;;;;;;;
6;47;12.25;12.5;0.899979795;1.539115888;8605.2;0;202162;0;0;0;0;15846.14114;0;0;0;;;;;;;;
6;49;12.75;13;2.700061899;4.617557183;30219.5;0;683499.5;0;0;0;0;53575.00197;0;0;0;;;;;;;;
6;51;13.25;13.5;1.800041266;3.078371455;18750;0;399681.2;0;0;0;0;31328.36392;0;0;0;;;;;;;;
6;52;13.5;13.75;1.738330927;2.972836461;16621.1;0;312810.7;0;0;0;0;24519.16039;0;0;0;;;;;;;;
6;53;13.75;14;2.700061899;4.617557183;24024.3;0;537754.9;0;0;0;0;42151.0474;0;0;0;;;;;;;;
6;54;14;14.25;1.547953334;2.647258954;14800.8;0;347642.4;0;0;0;0;27249.38682;0;0;0;;;;;;;;
6;55;14.25;14.5;1.800041266;3.078371455;17210.4;0;404323.9;0;0;0;0;31692.27445;0;0;0;;;;;;;;
6;56;14.5;14.75;0.579132677;0.990413685;5537.4;0;107813.2;0;0;0;0;8450.763171;0;0;0;;;;;;;;
6;57;14.75;15;0.346395156;0.592393619;5323.9;0;97027.5;0;0;0;0;7605.343535;0;0;0;;;;;;;;
6;58;15;15.25;1.255841557;2.147698987;13957.3;0;213444.1;0;0;0;0;16730.47029;0;0;0;;;;;;;;
6;59;15.25;15.5;0.246678846;0.421862061;3049.5;0;47446.1;0;0;0;0;3718.98575;0;0;0;;;;;;;;
6;63;16.25;16.5;0.476040191;0.814108301;4551.7;0;70795;0;0;0;0;5549.151483;0;0;0;;;;;;;;
7;13;3.75;4;1050.183454;1795.989252;251059.5;0;5424874.6;0;0;0;0;425220.0146;0;0;0;;;;;;;;
7;14;4;4.25;5199.616093;8892.212675;676495.2;0;11006641.6;0;0;0;0;862737.786;0;0;0;;;;;;;;
7;15;4.25;4.5;2154.011167;3683.719154;215587;0;3230707.6;0;0;0;0;253233.7859;0;0;0;;;;;;;;
7;16;4.5;4.75;801.0486551;1369.927102;104030.2;0;2206305.2;0;0;0;0;172937.6619;0;0;0;;;;;;;;
7;17;4.75;5;560.014042;957.7176226;72872.2;0;1120449.3;0;0;0;0;87824.60477;0;0;0;;;;;;;;
7;18;5;5.25;398.7242863;681.8851794;43025.9;0;639599.2;0;0;0;0;50133.94801;0;0;0;;;;;;;;
7;19;5.25;5.5;21.18939593;36.23740902;19069.1;0;231485.3;0;0;0;0;18144.60055;0;0;0;;;;;;;;
7;20;5.5;5.75;159.4897145;272.7540718;17210.4;0;275202.9;0;0;0;0;21571.33386;0;0;0;;;;;;;;
7;21;5.75;6;160.3897351;274.2932575;37798.1;0;527178.9;0;0;0;0;41322.06476;0;0;0;;;;;;;;
7;22;6;6.25;0.268476129;0.459139059;2567;0;26648;0;0;0;0;2088.760346;0;0;0;;;;;;;;
7;24;6.5;6.75;45.46424953;77.7514664;18603.1;0;231215.7;0;0;0;0;18123.46839;0;0;0;;;;;;;;
7;25;6.75;7;69.0392936;118.0687325;18064.3;0;177538.1;0;0;0;0;13916.0366;0;0;0;;;;;;;;
7;26;7;7.25;79.74123887;136.3708478;8605.2;0;89330.6;0;0;0;0;7002.034487;0;0;0;;;;;;;;
7;27;7.25;7.5;143.9886738;246.244701;21881;0;236567.9;0;0;0;0;18542.99192;0;0;0;;;;;;;;
7;28;7.5;7.75;36.49783891;62.41740543;3938.6;0;29470.1;0;0;0;0;2309.966087;0;0;0;;;;;;;;
7;29;7.75;8;0.329654385;0.563764103;3152;0;59238.7;0;0;0;0;4643.329613;0;0;0;;;;;;;;
7;31;8.25;8.5;80.64487789;137.9162216;14143.6;0;121882.4;0;0;0;0;9553.55464;0;0;0;;;;;;;;
7;36;9.5;9.75;24.09914925;41.21357358;3239.4;0;33628.2;0;0;0;0;2635.892025;0;0;0;;;;;;;;
7;37;9.75;10;96.49580949;165.0239643;10413.2;0;77953.2;0;0;0;0;6110.235404;0;0;0;;;;;;;;
7;42;11;11.25;44.8309648;76.66844365;4837.9;0;36216.5;0;0;0;0;2838.771731;0;0;0;;;;;;;;
8;12;3.5;3.75;478.4691435;1636.524431;51631.1;0;765442.3;0;0;0;0;59997.95571;0;0;0;;;;;;;;
8;13;3.75;4;2791.070004;9546.392513;305460.2;0;4760163.8;0;0;0;0;373117.7345;0;0;0;;;;;;;;
8;14;4;4.25;13636.37059;46640.94627;1514036.1;0;30207736.3;0;0;0;0;2367784.514;0;0;0;;;;;;;;
8;15;4.25;4.5;10207.34173;34912.52119;1143882.7;0;26319980.1;0;0;0;0;2063049.038;0;0;0;;;;;;;;
8;16;4.5;4.75;3748.008291;12819.44137;389235.2;0;9396076.2;0;0;0;0;736496.2241;0;0;0;;;;;;;;
8;17;4.75;5;1754.38686;6000.589581;190010.1;0;5305958.1;0;0;0;0;415898.9372;0;0;0;;;;;;;;
8;18;5;5.25;1515.152288;5182.327365;154094.2;0;3834377.4;0;1087041.3;0;0;300551.466;0;85205.97277;0;;;;;;;;
8;19;5.25;5.5;1356.562594;4639.897592;143648.7;0;4282003.2;0;672.5;0;0;335637.8898;0;52.71282396;0;;;;;;;;
8;20;5.5;5.75;797.4485725;2727.540718;89714.7;0;2426505;0;0;0;0;190197.6668;0;0;0;;;;;;;;
8;21;5.75;6;1355.662573;4636.819219;136932.2;0;4518178.2;0;0;0;0;354150.0849;0;0;0;;;;;;;;
8;22;6;6.25;1835.031737;6276.422021;195518.9;0;5508175.4;0;2178955.1;0;0;431749.413;0;170793.8686;0;;;;;;;;
8;23;6.25;6.5;1595.797166;5458.159808;166746.4;0;4906432.3;0;2182964.8;0;0;384582.7541;0;171108.1624;0;;;;;;;;
8;24;6.5;6.75;2073.694741;7092.729284;230357.8;0;7351800.7;0;2846028.5;0;0;576258.9979;0;223081.3373;0;;;;;;;;
8;25;6.75;7;2392.345718;8182.622155;237826;0;7588014.1;0;4093634.1;0;0;594774.203;0;320872.8828;0;;;;;;;;
8;26;7;7.25;1594.897145;5455.081436;172515.8;0;4541949.9;0;5272406.4;0;0;356013.3911;0;413269.0415;0;;;;;;;;
8;27;7.25;7.5;1036.683144;3545.802932;110085.6;0;4085490.2;0;1087472.7;0;0;320234.5364;0;85239.78736;0;;;;;;;;
8;28;7.5;7.75;239.2345718;818.2622155;26564;0;497013.5;0;0;0;0;38957.59871;0;0;0;;;;;;;;
8;29;7.75;8;558.2140008;1909.278503;70143;0;2223620.2;0;1301504;0;0;174294.8701;0;102016.2844;0;;;;;;;;
8;30;8;8.25;159.4897145;545.5081436;18623.4;0;89515.4;0;2179386.5;0;0;7016.519736;0;170827.6832;0;;;;;;;;
8;31;8.25;8.5;478.4691435;1636.524431;53167.5;0;1742896.3;0;428000;0;0;136614.1054;0;33548.08722;0;;;;;;;;
8;32;8.5;8.75;159.4897145;545.5081436;19232.4;0;703403.7;0;737433.9;0;0;55135.16047;0;57802.56261;0;;;;;;;;
8;33;8.75;9;57.13890433;195.4341553;6166.1;0;53460.1;0;0;0;0;4190.383406;0;0;0;;;;;;;;
8;34;9;9.25;77.82846261;266.1993614;14266.3;0;298509.9;0;0;0;0;23398.21533;0;0;0;;;;;;;;
8;35;9.25;9.5;79.74123887;272.7416957;8605.2;0;0;0;1091913.8;0;0;0;0;85587.8958;0;;;;;;;;
8;36;9.5;9.75;61.3287988;209.7649951;6618.2;0;176034.8;0;4441.2;0;0;13798.20286;0;348.1162733;0;;;;;;;;
8;37;9.75;10;31.10411553;106.3864737;6432.5;0;81253.5;0;0;0;0;6368.924077;0;0;0;;;;;;;;
9;14;4;4.25;956.9382871;1636.524431;99142.7;0;1909462.9;0;0;0;0;149670.1587;0;0;0;;;;;;;;
9;15;4.25;4.5;1594.897145;2727.540718;164189.4;0;3713408.2;0;0;0;0;291069.4911;0;0;0;;;;;;;;
9;16;4.5;4.75;717.7037153;1227.393323;83510.9;0;1966531.4;0;0;0;0;154143.3807;0;0;0;;;;;;;;
9;17;4.75;5;877.1934298;1500.147395;78983.4;0;2209458.4;0;0;0;0;173184.8204;0;0;0;;;;;;;;
9;18;5;5.25;637.958858;1091.016287;66220.1;0;1791966.2;0;0;0;0;140460.37;0;0;0;;;;;;;;
9;19;5.25;5.5;559.1140214;956.1784369;68502.5;0;1758312.6;0;0;0;0;137822.4871;0;0;0;;;;;;;;
9;20;5.5;5.75;398.7242863;681.8851794;49336.5;0;1085082.1;0;0;0;0;85052.40405;0;0;0;;;;;;;;
9;21;5.75;6;400.5243275;684.9635508;51633.8;0;1008493;0;0;0;0;79049.09142;0;0;0;;;;;;;;
9;22;6;6.25;319.8794497;547.0473292;41123.8;0;808113;0;0;0;0;63342.62946;0;0;0;;;;;;;;
9;23;6.25;6.5;159.4897145;272.7540718;20452.4;0;404475.8;0;0;0;0;31704.18088;0;0;0;;;;;;;;
9;25;6.75;7;559.1140214;956.1784369;70967.7;0;1226250.9;0;0;0;0;96117.69194;0;0;0;;;;;;;;
9;26;7;7.25;318.979429;545.5081435;39163.1;0;623052.7;0;0;0;0;48836.97739;0;0;0;;;;;;;;
9;27;7.25;7.5;797.4485725;1363.770359;76885.5;0;1294938;0;0;0;0;101501.6191;0;0;0;;;;;;;;
9;28;7.5;7.75;31.83117576;54.43663137;3532.3;0;37864.7;0;0;0;0;2967.96322;0;0;0;;;;;;;;
9;29;7.75;8;239.2345718;409.1311076;28879.2;0;376839.2;0;0;0;0;29537.93072;0;0;0;;;;;;;;
9;33;8.75;9;0.44097948;0.754148625;4216.4;0;15238.4;0;0;0;0;1194.437318;0;0;0;;;;;;;;
9;34;9;9.25;0.336662616;0.575749349;3219;0;11501.4;0;0;0;0;901.5186224;0;0;0;;;;;;;;
10;13;3.75;4;478.4691435;818.2622153;51631.1;0;1314141.4;9545.6;9946.2;0;0;103006.8465;748.2164051;779.6167877;0;;;;;;;;
10;14;4;4.25;1834.131717;3136.671825;197919.2;0;5145978.8;4714141.6;0;0;0;403359.2187;369510.3588;0;0;;;;;;;;
10;15;4.25;4.5;2870.814861;4909.573292;320306.5;0;7857615.7;8851121.1;1405492.7;0;0;615906.488;693780.8006;110167.2703;0;;;;;;;;
10;16;4.5;4.75;3110.049433;5318.704399;342153.3;0;8086147.5;8881994.4;2805266.6;0;0;633819.5832;696200.7543;219886.2817;0;;;;;;;;
10;17;4.75;5;2392.345718;4091.311076;275839;0;7572446.1;5728644.4;17080.2;0;0;593553.9305;449030.5187;1338.80383;0;;;;;;;;
10;18;5;5.25;1993.621431;3409.425897;225303.4;0;5497217.5;4453672.7;980200.4;0;0;430890.4957;349093.9257;76831.42176;0;;;;;;;;
10;19;5.25;5.5;2711.325147;4636.81922;289663.4;0;5637456.8;10688191.1;1895209.7;0;0;441882.9262;837776.559;148552.9447;0;;;;;;;;
10;20;5.5;5.75;4704.946578;8046.245117;502043.2;0;8402292.6;14940222.6;7175265.2;0;0;658600.1052;1171065.166;562421.5485;0;;;;;;;;
10;21;5.75;6;6220.098866;10637.4088;671092.2;0;9828608.4;12648973.8;13816277.9;906127.2;0;770399.5604;991469.3372;1082966.58;71025.31388;;;;;;;;
10;22;6;6.25;7336.526867;12546.6873;804243.4;0;11147245.9;16430622.2;13310014.2;909827.8;0;873758.8265;1287887.726;1043283.919;71315.37942;;;;;;;;
10;23;6.25;6.5;7575.761439;12955.81841;836855.7;0;10506077.7;18165800.2;23653546;7293290;0;823501.8949;1423896.845;1854044.917;571672.7314;;;;;;;;
10;24;6.5;6.75;8133.97544;13910.45766;948533;0;11147887;27924007.1;22823406.1;19790444.2;0;873809.0781;2188778.098;1788975.744;1551241.935;;;;;;;;
10;25;6.75;7;7177.037153;12273.93323;909682.3;0;7551722.5;25809656;45444422.4;15717377;0;591929.5446;2023048.109;3562087.492;1231981.155;;;;;;;;
10;26;7;7.25;5183.415722;8864.507332;613374.7;0;7456229.3;13097048.4;34386729.3;9652791.1;0;584444.4647;1026590.939;2695348.116;756618.406;;;;;;;;
10;27;7.25;7.5;6060.609151;10364.65473;781905.9;0;3997068.1;32626130.8;51395538.4;21186103.4;0;313303.7132;2557346.453;4028556.087;1660638.422;;;;;;;;
10;28;7.5;7.75;4944.18115;8455.376224;566998.2;0;4789294.1;5721108.8;42685699.4;10672788.4;0;375401.0659;448439.8529;3345849.455;836569.2433;;;;;;;;
10;29;7.75;8;3748.008291;6409.720686;417070.1;0;2675937.5;8589575.7;34550255.2;12981385.6;0;209749.0296;673279.9878;2708165.829;1017524.898;;;;;;;;
10;30;8;8.25;3189.79429;5455.081435;350503;0;1905489.3;5717372.3;49071904.2;4702835.7;0;149358.6945;448146.9734;3846421.781;368624.1641;;;;;;;;
10;31;8.25;8.5;2392.345718;4091.311076;246712.9;0;1795582.3;8396374.9;27618335.7;3426673.4;0;140743.8122;658136.2558;2164818.54;268594.2479;;;;;;;;
10;32;8.5;8.75;1674.642002;2863.917753;178919.1;0;614817.4;1800;25968824;3009034.2;0;48191.46673;141.0900864;2035524.235;235858.2752;;;;;;;;
10;33;8.75;9;1355.662573;2318.40961;161495.2;0;576753.3;1817040.9;15842196.6;9482785.2;0;45207.87386;142425.8098;1241764.938;743292.7687;;;;;;;;
10;34;9;9.25;478.4691435;818.2622153;70416.1;0;596613.5;606674.4;7212660.6;1559140.7;0;46764.58349;47553.19086;565352.7264;122210.7201;;;;;;;;
10;35;9.25;9.5;558.2140008;954.6392511;64688.2;0;0;2853122.9;11750371.1;1044732.7;0;0;223637.4203;921033.819;81889.68164;;;;;;;;
10;36;9.5;9.75;239.2345718;409.1311076;42044.1;0;53132.4;0;3478673.1;3948317.4;0;4164.697172;0;272670.1602;309482.4685;;;;;;;;
10;37;9.75;10;558.2140008;954.6392511;47702.4;0;0;0;12081210.9;0;0;0;0;946966.1612;0;;;;;;;;
10;38;10;10.25;318.979429;545.5081435;26603;0;0;0;3013344.7;0;0;0;0;236196.1468;0;;;;;;;;
10;39;10.25;10.5;398.7242863;681.8851794;41318.7;0;0;2346896.2;6112500.5;0;0;0;183957.6599;479118.4577;0;;;;;;;;
10;40;10.5;10.75;50.56232782;86.47003245;5456.4;0;0;0;1047099.5;0;0;0;0;82075.19943;0;;;;;;;;
10;42;11;11.25;159.4897145;272.7540718;8382.3;0;0;0;1239145.8;0;0;0;0;97128.4378;0;;;;;;;;
10;45;11.75;12;79.74123887;136.3708478;8605.2;0;0;0;1860520.7;0;0;0;0;145833.9036;0;;;;;;;;
10;60;15.5;15.75;0;0;8605.2;0;0;0;0;1278552;0;0;0;0;100217.229;;;;;;;;
11;18;5;5.25;0;0;28676.2;0;215501.2;0;328.9;408322.1;0;16891.71274;0;25.78029413;32005.66688;;;;;;;;
11;19;5.25;5.5;0;0;51631.1;0;0;0;0;5228718.1;0;0;0;0;409844.6048;;;;;;;;
11;20;5.5;5.75;0;0;86051.8;0;694.3;0;0;5815822.8;0;54.42158168;0;0;455863.8564;;;;;;;;
11;21;5.75;6;0;0;165631.1;0;1193876;0;0;9895462.2;0;93580.0378;0;0;775639.7873;;;;;;;;
11;22;6;6.25;0.048407919;0.082785634;341046.3;0;584898.1;0;14388;25103440.8;0;45846.29083;0;1127.780091;1967692.574;;;;;;;;
11;23;6.25;6.5;0;0;338780.6;0;682803.4;0;82518.9;27745601;0;53520.4393;0;6468.110408;2174794.024;;;;;;;;
11;24;6.5;6.75;159.5381224;272.8368574;379651.9;0;966317.8;0;1186241;35900435;0;75743.25663;0;92981.58069;2813997.488;;;;;;;;
11;25;6.75;7;81.01228232;138.5445446;325829.2;0;703400.4;0;1258206.5;26952255.8;0;55134.9018;0;98622.47992;2112608.945;;;;;;;;
11;26;7;7.25;159.4897145;272.7540718;275022.4;0;170653.7;0;1193536.3;21782637.7;0;13376.41405;0;93553.41097;1707396.798;;;;;;;;
11;27;7.25;7.5;478.836548;818.8905383;337180.5;0;327241.5;0;6312777;25834297.9;0;25650.29529;0;494816.807;2024979.624;;;;;;;;
11;28;7.5;7.75;79.79326517;136.4598215;181577.3;0;165672.7;0;3519344.1;14850892.5;0;12985.98642;0;275858.0907;1164063.17;;;;;;;;
11;29;7.75;8;1.267425062;2.167508716;73995.3;0;83461.8;0;1527349.4;4798731.9;0;6542.018098;0;119718.8105;376140.8326;;;;;;;;
11;30;8;8.25;239.6019762;409.7594306;133356.5;0;71045;0;3764310;9389904.6;0;5568.747329;0;295059.3463;736012.4732;;;;;;;;
11;31;8.25;8.5;0;0;72593.5;0;196108.9;0;990980.8;6601945.8;0;15371.6787;0;77676.42597;517482.8353;;;;;;;;
11;32;8.5;8.75;0;0;52962.9;0;29237.6;0;957850.3;3731504.2;0;2291.741951;0;75079.54535;292487.9167;;;;;;;;
11;33;8.75;9;0;0;37089.3;0;0;0;880647.4;4128968.4;0;0;0;69028.121;323642.5047;;;;;;;;
11;34;9;9.25;318.979429;545.5081435;56036.3;0;118119.4;0;3663706.9;2114073.8;0;9258.597976;0;287173.7351;165708.2529;;;;;;;;
11;35;9.25;9.5;399.6243069;683.4243651;70580;0;38926;0;5761884.9;1504540;0;3051.151503;0;451636.0215;117930.9326;;;;;;;;
11;36;9.5;9.75;79.74485725;136.3770359;19432.5;0;29281.3;0;924032.8;2034748.5;0;2295.167305;0;72428.81535;159490.4676;;;;;;;;
11;37;9.75;10;0;0;31099;0;0;0;1748860.4;1268686.5;0;0;0;137081.5917;99443.93775;;;;;;;;
11;38;10;10.25;97.19412177;166.218195;17991.3;0;14369.1;0;1181190.7;507679.4;0;1126.298645;0;92585.7211;39793.62802;;;;;;;;
11;39;10.25;10.5;0;0;8605.2;0;0;0;0;1538971.2;0;0;0;0;120629.7665;;;;;;;;
11;40;10.5;10.75;239.2345718;409.1311076;45503.5;0;113309.5;0;2810302.6;850790.9;0;8881.58175;0;220281.0204;66687.86757;;;;;;;;
11;42;11;11.25;0;0;8605.2;0;0;0;0;850038.9;0;0;0;0;66628.92327;;;;;;;;
11;50;13;13.25;0;0;8605.2;0;0;0;0;1241346.1;0;0;0;0;97300.90475;;;;;;;;
11;57;14.75;15;0;0;6272.8;0;0;0;0;625460.9;0;0;0;0;49025.74025;;;;;;;;
12;3;1.25;1.5;0.64788683;1.107994779;8598.3;0;239213.3;0;0;0;0;18750.34732;0;0;0;;;;;;;;
12;4;1.5;1.75;0.143513087;0.245431369;5503.9;0;160664.3;0;0;0;0;12593.4111;0;0;0;;;;;;;;
12;5;1.75;2;0.412692913;0.705773865;5280.5;0;146908.8;0;0;0;0;11515.2085;0;0;0;;;;;;;;
12;7;2.25;2.5;0.900020633;1.539185728;21936.7;0;386133.9;0;727884.2;0;0;30266.48074;0;57054.02483;0;;;;;;;;
12;8;2.5;2.75;0.900020633;1.539185728;23770.7;0;661324.6;0;0;0;0;51836.85832;0;0;0;;;;;;;;
12;9;2.75;3;0.628752266;1.075271475;8605.2;0;239405.5;0;0;0;0;18765.41261;0;0;0;;;;;;;;
12;11;3.25;3.5;0.900020633;1.539185728;12775.6;0;372932.5;0;0;0;0;29231.71037;0;0;0;;;;;;;;
12;13;3.75;4;1.98374348;3.39253295;34385.4;0;490540;0;1458741.1;0;0;38450.18389;0;114341.0599;0;;;;;;;;
12;14;4;4.25;244.3915788;417.9504517;86051.8;0;2511938.1;0;0;0;0;196894.202;0;0;0;;;;;;;;
12;15;4.25;4.5;640.6848406;1095.678173;128930.5;0;2636303.4;0;6972100.7;0;0;206642.3748;0;546496.828;0;;;;;;;;
12;16;4.5;4.75;241.4020175;412.8378021;60236.3;0;1255472.8;0;3516371.4;0;0;98408.20327;0;275625.0804;0;;;;;;;;
12;17;4.75;5;400.8527795;685.5252586;91287.3;0;1894604.4;0;4166916.5;0;0;148505.4992;0;326617.0051;0;;;;;;;;
12;18;5;5.25;1.267425062;2.167508716;34420.7;0;969410.2;0;0;0;0;75985.6494;0;0;0;;;;;;;;
12;19;5.25;5.5;239.2345718;409.1311076;29452;0;250695.2;0;3825226.6;0;0;19650.33747;0;299834.1954;0;;;;;;;;
12;20;5.5;5.75;241.034613;412.2094791;43025.9;0;478810.5;0;6052527.7;0;0;37530.78602;0;474417.5869;0;;;;;;;;
12;21;5.75;6;400.7080298;685.2777123;71397.5;0;719237.5;0;10451572;0;0;56376.26725;0;819229.5539;0;;;;;;;;
12;22;6;6.25;399.8080091;683.7385266;60236.3;0;1080108.8;0;4976498.5;0;0;84662.57998;0;390074.7798;0;;;;;;;;
12;23;6.25;6.5;160.1855709;273.9441025;62896.5;0;656598;0;5095349.4;0;0;51466.37143;0;399390.7152;0;;;;;;;;
12;24;6.5;6.75;561.0977649;959.5709698;94657;0;1209284.3;0;8699157.4;0;0;94787.79246;0;681869.372;0;;;;;;;;
12;25;6.75;7;160.5734374;274.607419;34638.2;0;239405.3;0;3168698;0;0;18765.39693;0;248373.2637;0;;;;;;;;
12;26;7;7.25;162.1897764;277.3716289;43025.9;0;957089.9;0;1864976.8;0;0;75019.94263;0;146183.1877;0;;;;;;;;
12;27;7.25;7.5;1.98374348;3.39253295;34420.7;0;479784.3;0;1458741.1;0;0;37607.11576;0;114341.0599;0;;;;;;;;
12;28;7.5;7.75;159.6734167;273.0682332;48967.4;0;1018.8;0;8225609.4;0;0;79.85698893;0;644751.0785;0;;;;;;;;
12;29;7.75;8;398.7242863;681.8851794;48579.3;0;99540.8;0;7036631.9;0;0;7802.344487;0;551555.0017;0;;;;;;;;
12;30;8;8.25;159.4897145;272.7540718;17316.4;0;1021.7;0;2398432;0;0;80.08430073;0;187997.2101;0;;;;;;;;
12;31;8.25;8.5;79.74485725;136.3770359;20058.9;0;0;0;2742467.2;0;0;0;0;214963.8524;0;;;;;;;;
12;32;8.5;8.75;112.4594866;192.3245206;12135.9;0;0;0;2435136.1;0;0;0;0;190874.2016;0;;;;;;;;
12;33;8.75;9;50.85060068;86.96302723;5487.5;0;0;0;692022.5;0;0;0;0;54243.06353;0;;;;;;;;
12;34;9;9.25;93.19984741;159.3873181;10190.6;0;0;0;1026799.9;0;0;0;0;80484.04814;0;;;;;;;;
12;35;9.25;9.5;57.40869808;98.17847002;8403;0;0;0;1395533.5;0;0;0;0;109386.6345;0;;;;;;;;
12;36;9.5;9.75;79.74485725;136.3770359;20976.1;0;0;0;2278328.6;0;0;0;0;178583.0995;0;;;;;;;;
12;37;9.75;10;116.1474256;198.6315127;22534.4;0;0;0;3278805.1;0;0;0;0;257003.8306;0;;;;;;;;
12;38;10;10.25;136.570901;233.5590696;16423;0;0;0;1953411.2;0;0;0;0;153114.975;0;;;;;;;;
12;39;10.25;10.5;159.4897145;272.7540718;18917.6;0;0;0;3662080;0;0;0;0;287046.2132;0;;;;;;;;
12;40;10.5;10.75;29.17891105;49.90081538;3148.8;0;0;0;604264.2;0;0;0;0;47364.27123;0;;;;;;;;
12;42;11;11.25;161.5475958;276.2733928;17433.2;0;0;0;3043957.8;0;0;0;0;238595.7051;0;;;;;;;;
12;45;11.75;12;79.74123887;136.3708478;8605.2;0;0;0;1861330.6;0;0;0;0;145897.3863;0;;;;;;;;
12;50;13;13.25;0;0;212.2;0;0;0;18022.6;0;0;0;0;1412.672329;0;;;;;;;;
12;58;15;15.25;0;0;7570.2;0;0;0;642952.2;0;0;0;0;50396.76749;0;;;;;;;;
12;89;22.75;23;0;0;932.1;0;0;0;79165.1;0;0;0;0;6205.228224;0;;;;;;;;
13;13;3.75;4;159.4897145;272.7540718;16579.2;0;23.8;0;688538.3;0;0;1.865524476;0;53969.96015;0;;;;;;;;
13;14;4;4.25;239.2345718;409.1311076;23532.1;0;514.2;0;976708;0;0;40.30473469;0;76557.67564;0;;;;;;;;
13;15;4.25;4.5;79.74123887;136.3708478;8605.2;0;0;0;357391.2;0;0;0;0;28013.53072;0;;;;;;;;
13;16;4.5;4.75;64.08712242;109.599692;6915.9;0;0;2288157.5;0;0;0;0;179353.5219;0;0;;;;;;;;
13;17;4.75;5;159.4897145;272.7540718;17210.4;0;229570.6;0;357171;0;0;17994.51989;0;27996.2707;0;;;;;;;;
13;18;5;5.25;239.2345718;409.1311076;19329.6;0;265710.8;222824.1;357478.4;0;0;20827.31097;17465.70641;28020.36575;0;;;;;;;;
13;19;5.25;5.5;478.4691435;818.2622153;56426.1;0;1068733.7;27062.4;549439.3;0;0;83770.96118;2121.24242;43066.91019;0;;;;;;;;
13;20;5.5;5.75;717.7037153;1227.393323;82640.3;0;1271739.4;2293022;357391.2;0;0;99683.23438;179734.8179;28013.53072;0;;;;;;;;
13;21;5.75;6;1196.172859;2045.655538;129001.5;0;1779220.2;2218178.6;358624.7;0;0;139461.2955;173868.3391;28110.21662;0;;;;;;;;
13;22;6;6.25;1196.172859;2045.655538;144467.2;0;2005119.5;0;912654.4;0;0;157168.0464;0;71536.93788;0;;;;;;;;
13;23;6.25;6.5;1594.897145;2727.540718;184866.3;0;1950210.3;3614526.6;2901793.3;0;0;152864.0777;283318.8169;227452.3709;0;;;;;;;;
13;24;6.5;6.75;1754.38686;3000.294789;181737.2;0;2123463.2;6694448.9;717214.2;0;0;166444.2258;524733.5411;56217.67415;0;;;;;;;;
13;25;6.75;7;1515.152288;2591.163682;165438.1;0;1328462.9;1366589.6;5535439.9;0;0;104129.4141;107117.9138;433886.4967;0;;;;;;;;
13;26;7;7.25;637.958858;1091.016287;63215.1;0;434243.2;5443869.2;405754.9;0;0;34037.45035;426708.8756;31804.44106;0;;;;;;;;
13;27;7.25;7.5;1275.917716;2182.032574;123156.3;0;930870.1;5258276.6;1916393.6;0;0;72964.74604;412161.5;150213.4104;0;;;;;;;;
13;28;7.5;7.75;558.2140008;954.6392511;56922;0;714854.3;0;905742.3;0;0;56032.69721;0;70995.14411;0;;;;;;;;
13;29;7.75;8;318.979429;545.5081435;31887.3;0;0;2679063.2;1049462.8;0;0;0;209994.0325;82260.44287;0;;;;;;;;
13;30;8;8.25;558.2140008;954.6392511;62988.8;0;172612.9;5067148.8;1373527;0;0;13529.98277;397180.2568;107661.6906;0;;;;;;;;
13;31;8.25;8.5;32.35090772;55.32545991;3491.1;0;99821;0;0;0;0;7824.307511;0;0;0;;;;;;;;
13;32;8.5;8.75;159.4897145;272.7540718;15105.3;0;0;0;627353.3;0;0;0;0;49174.07296;0;;;;;;;;
13;34;9;9.25;18.7438078;32.05504452;2022.7;0;0;428958;0;0;0;0;33623.1785;0;0;;;;;;;;
13;37;9.75;10;45.25308535;77.39034035;4883.4;0;0;1034762.9;170.3;0;0;0;81108.21501;13.34868985;0;;;;;;;;
14;12;3.5;3.75;1116.428002;1909.278502;120472.6;0;3316694.7;0;0;0;0;259973.7455;0;0;0;;;;;;;;
14;13;3.75;4;7344.627053;12560.53997;877042.6;0;29103096.3;0;470168.6;0;0;2281199.096;0;36853.40468;0;;;;;;;;
14;14;4;4.25;6545.378439;11193.69124;794620.9;0;24756731.1;0;5221723.5;0;0;1940516.295;0;409296.3444;0;;;;;;;;
14;15;4.25;4.5;4705.846599;8047.784303;516059.9;0;16082449.4;0;6782.3;0;0;1260596.764;0;531.6196074;0;;;;;;;;
14;16;4.5;4.75;3272.239209;5596.076028;397472.6;0;12791442.9;0;2805627.9;0;0;1002636.547;0;219914.6016;0;;;;;;;;
14;17;4.75;5;1597.597207;2732.158275;202164.7;0;5749108;0;4711869.6;0;0;450634.5248;0;369332.2718;0;;;;;;;;
14;18;5;5.25;1675.542023;2865.456939;202135.8;0;5500092.7;0;890104.1;0;0;431115.8636;0;69769.36912;0;;;;;;;;
14;19;5.25;5.5;1436.307451;2456.325832;174322.9;0;3601063;0;3061990.5;0;0;282263.4944;0;240009.1691;0;;;;;;;;
14;20;5.5;5.75;1275.917716;2182.032574;135313.5;0;3178111.5;0;894932.8;0;0;249111.1257;0;70147.85895;0;;;;;;;;
14;21;5.75;6;1197.9729;2048.73391;155506.9;0;4361593.1;0;1815430.4;0;0;341876.4153;0;142299.5734;0;;;;;;;;
14;22;6;6.25;2075.16633;3548.881304;219877.9;0;5525846.3;0;3147257.7;0;0;433134.5179;0;246692.7005;0;;;;;;;;
14;23;6.25;6.5;1435.407431;2454.786646;159289.8;0;2990105.6;0;7669212.9;0;0;234374.5875;0;601138.8395;0;;;;;;;;
14;24;6.5;6.75;2312.60086;3954.93404;254040;0;5756020.5;0;6377589;0;0;451176.35;0;499896.9907;0;;;;;;;;
14;25;6.75;7;1674.642002;2863.917753;215655.7;0;5779402.5;0;2449614.7;0;0;453009.1102;0;192009.0832;0;;;;;;;;
14;26;7;7.25;1356.562594;2319.948796;155663.7;0;3527365.1;0;2418051.2;0;0;276486.8038;0;189535.0294;0;;;;;;;;
14;27;7.25;7.5;1755.28688;3001.833975;206899.5;0;4938963.9;0;2133981.4;0;0;387132.6909;0;167268.6779;0;;;;;;;;
14;28;7.5;7.75;1834.131717;3136.671825;199303.4;0;5803655.8;0;5547240.4;0;0;454910.1658;0;434811.4598;0;;;;;;;;
14;29;7.75;8;1435.407431;2454.786646;143367.4;0;2041310.8;0;13991249;0;0;160004.8429;0;1096681.406;0;;;;;;;;
14;30;8;8.25;1515.152288;2591.163682;147172.2;0;2399096.9;0;16105329.8;0;0;188049.3272;0;1262390.208;0;;;;;;;;
14;31;8.25;8.5;1355.662573;2318.40961;133036.1;0;935350.6;0;18630872.6;0;0;73315.94278;0;1460350.792;0;;;;;;;;
14;32;8.5;8.75;1116.428002;1909.278502;92351.1;0;754469.4;0;14078995.9;0;0;59137.8627;0;1103559.305;0;;;;;;;;
14;33;8.75;9;956.9382871;1636.524431;85605.6;0;899260.6;0;13881000.6;0;0;70487.08655;0;1088039.764;0;;;;;;;;
14;34;9;9.25;797.4485725;1363.770359;59262.8;0;546148.6;0;8238950.1;0;0;42808.97399;0;645796.7677;0;;;;;;;;
14;35;9.25;9.5;478.4691435;818.2622153;42643.8;0;528425.2;0;6184071.6;0;0;41419.75397;0;484728.4426;0;;;;;;;;
14;36;9.5;9.75;558.2140008;954.6392511;36124.5;0;154110.3;0;7820534.2;0;0;12079.68642;0;612999.9146;0;;;;;;;;
14;37;9.75;10;22.99268303;39.32133138;2481.2;0;129645.2;0;0;0;0;10162.02915;0;0;0;;;;;;;;
14;38;10;10.25;159.4897145;272.7540718;4263.2;0;0;0;1085359.6;0;0;0;0;85074.15544;0;;;;;;;;
