Basin_ID;Contour_ID;Height_min;Height_max;Height_mean;Houses;Population_echt;Population;area (m2);DEV_1_Value;DEV_2_Value;DEV_3_Value;DEV_5_Value;DEV_7_Value;;;;;;;;;;;
0;0;0;0;0;0;0;0;9999999;0;0;0;0;0;;;;;;;;;;;
1;12;3.5;3.75;3.64;0.4;11.1;20.88;288552.6;73818.3;24139;0;0;0;;;;;;;;;;;
1;13;3.75;4;3.87;3;12.9;24.27;113276.9;956.7;46343.7;0;0;0;;;;;;;;;;;
1;14;4;4.25;4.05;0.7;2.8;5.27;31556.5;1554.3;11754.5;0;0;0;;;;;;;;;;;
1;15;4.25;4.5;4.27;0.2;0.9;1.69;13086;1145.4;4172.5;0;0;0;;;;;;;;;sum;283787.6;
1;16;4.5;4.75;4.5;0.2;0.7;1.32;14359.3;1704.9;3785.2;0;0;0;;;;;;;;;census;533825;1.881072323
1;17;4.75;5;4.76;0.1;0.6;1.13;17658;1061.4;5554.1;0;0;0;;;;;;;;;;;
1;18;5;5.25;4.99;0.2;0.7;1.32;18209.9;1227.1;5120.5;0;0;0;;;;;;;;;;;
1;19;5.25;5.5;5.13;0.2;0.7;1.32;10868.7;1825.3;2447;0;0;0;;;;;;;;;;;
1;20;5.5;5.75;5.4;0.2;0.7;1.32;10899.3;1689.8;2875.8;0;0;0;;;;;;;;;chota pop;97.8;
1;21;5.75;6;5.79;0.2;0.7;1.32;20085.8;3895.2;2215.2;0;0;0;;;;;;;;;factor;10;
1;22;6;6.25;6.07;0.3;1.2;2.26;62221.5;23169.6;2064.2;0;0;0;;;;;;;;;;;
1;23;6.25;6.5;6.34;0.4;1.5;2.82;68875.4;23603;3534.7;0;0;0;;;;;;;;;;;
1;24;6.5;6.75;6.63;0.7;2.7;5.08;118671;30785.1;5237.6;0;0;0;;;;;;;;;;;
1;25;6.75;7;6.9;5;18.5;34.8;752327.4;92358.9;149999.7;0;0;0;;;;;;;;;;;
1;26;7;7.25;7.12;8.4;31.2;58.69;1317005.1;272782.2;237755.3;0;0;0;;;;;;;;;;;
1;27;7.25;7.5;7.36;8;31.3;58.88;867300.5;90789.6;398842.5;0;0;0;;;;;;;;;tot_value;234,661,213.50;
1;28;7.5;7.75;7.62;7.4;31.1;58.5;350216;49810.1;70335.9;0;0;0;;;;;;;;;;;
1;29;7.75;8;7.87;7.9;33.5;63.02;289677.6;31332.1;51960.9;0;0;0;;;;;;;;;;;
1;30;8;8.25;8.11;8.4;36.5;68.66;180506.7;19821.4;35845.5;0;0;0;;;;;;;;;;;
1;31;8.25;8.5;8.38;10;43.5;81.83;153700.8;14833.1;39950.3;0;0;0;;;;;;;;;;;
1;32;8.5;8.75;8.63;10.9;47.3;88.97;167163;17991.1;35332.7;0;0;0;;;;;;;;;;;
1;33;8.75;9;8.86;11;47.7;89.73;168667.2;14835.3;40328.6;0;0;0;;;;;;;;;;;
1;34;9;9.25;9.13;9.8;42.6;80.13;150455.6;10859.7;273082.7;0;0;0;;;;;;;;;;;
1;35;9.25;9.5;9.36;9;39.4;74.11;139169.9;8245.9;495047.7;0;0;0;;;;;;;;;;;
1;36;9.5;9.75;9.63;7.1;30.7;57.75;108641.1;2164.1;139094;0;0;0;;;;;;;;;;;
1;37;9.75;10;9.88;7.6;33.3;62.64;117631;1924.5;108253.9;0;0;0;;;;;;;;;;;
1;38;10;10.25;10.13;8.7;38;71.48;134426;0;58466.9;0;0;0;;;;;;;;;;;
1;39;10.25;10.5;10.37;8.6;37.4;70.35;132116.6;0;50203.2;0;0;0;;;;;;;;;;;
1;40;10.5;10.75;10.62;7.3;31.6;59.44;111686.5;0;66067.9;0;0;0;;;;;;;;;;;
1;41;10.75;11;10.87;6.6;28.6;53.8;100906.5;0;34909.5;0;0;0;;;;;;;;;;;
1;42;11;11.25;11.12;6;26.3;49.47;92910.9;0;58503.9;0;0;0;;;;;;;;;;;
1;43;11.25;11.5;11.37;5.2;22.4;42.14;79312.2;0;240745.1;0;0;0;;;;;;;;;;;
1;44;11.5;11.75;11.62;5;21.6;40.63;76473.4;0;592620.2;0;0;0;;;;;;;;;;;
1;45;11.75;12;11.75;0.2;0.7;1.32;2507.4;0;19351.6;0;0;0;;;;;;;;;;;
2;23;6.25;6.5;6.23;0.3;58.7;110.42;831187.7;0;12185;0;0;0;;;;;;;;;;;
2;24;6.5;6.75;6.57;1.2;6.2;11.66;4974.6;0;1120.9;0;0;0;;;;;;;;;;;
2;25;6.75;7;6.84;2.4;12.3;23.14;10409.9;0;2500.9;0;0;0;;;;;;;;;;;
2;26;7;7.25;7.1;2;10;18.81;12207.9;0;2892.8;0;0;0;;;;;;;;;;;
2;27;7.25;7.5;7.36;1;4.3;8.09;20267.9;0;4350.2;0;0;0;;;;;;;;;;;
2;28;7.5;7.75;7.64;1.8;7.8;14.67;30095.3;0;4797.8;0;0;0;;;;;;;;;;;
2;29;7.75;8;7.88;2.7;11.8;22.2;43294.6;0;6121.7;0;0;0;;;;;;;;;;;
2;30;8;8.25;8.12;2.9;12.8;24.08;45246.2;0;6297.2;0;0;0;;;;;;;;;;;
2;31;8.25;8.5;8.37;2.7;11.5;21.63;40785;0;6080.1;0;0;0;;;;;;;;;;;
2;32;8.5;8.75;8.62;2.4;10.5;19.75;37172.7;0;5882.6;0;0;0;;;;;;;;;;;
2;33;8.75;9;8.87;2.3;10.1;19;35560.3;0;6176.9;0;0;0;;;;;;;;;;;
2;34;9;9.25;9.12;2.2;9.7;18.25;34340.8;0;6411;0;0;0;;;;;;;;;;;
2;35;9.25;9.5;9.38;2.2;9.7;18.25;34266.7;0;6979.2;0;0;0;;;;;;;;;;;
2;36;9.5;9.75;9.63;2.3;10;18.81;35215.8;0;9094.7;0;0;0;;;;;;;;;;;
2;37;9.75;10;9.88;2.4;10.4;19.56;36804.5;0;16520.1;0;0;0;;;;;;;;;;;
2;38;10;10.25;10.13;2.6;11.4;21.44;40282.5;0;20527.6;0;0;0;;;;;;;;;;;
2;39;10.25;10.5;10.38;3.1;13.4;25.21;47228.3;0;24297.5;0;0;0;;;;;;;;;;;
2;40;10.5;10.75;10.64;4.7;20.5;38.56;72359.6;0;38011.6;0;0;0;;;;;;;;;;;
2;41;10.75;11;10.85;4.9;21.3;40.07;75384.1;0;38177.7;0;0;0;;;;;;;;;;;
2;42;11;11.25;11.11;2.4;10.5;19.75;37062;0;15596.4;0;0;0;;;;;;;;;;;
2;43;11.25;11.5;11.36;1.2;5.1;9.59;18191.4;0;8395.3;0;0;0;;;;;;;;;;;
2;44;11.5;11.75;11.58;0.3;1.3;2.45;4630.9;0;2239.2;0;0;0;;;;;;;;;;;
3;23;6.25;6.5;6.43;27.9;141.5;266.17;109206.2;0;9757.4;0;0;0;;;;;;;;;;;
3;24;6.5;6.75;6.65;81.2;410.1;771.43;580211.3;0;53646.2;0;0;0;;;;;;;;;;;
3;25;6.75;7;6.86;57.3;287.4;540.62;637493.5;0;74860.9;0;0;0;;;;;;;;;;;
3;26;7;7.25;7.1;20.4;102.4;192.62;219049.8;0;44832.5;0;0;0;;;;;;;;;;;
3;27;7.25;7.5;7.36;18;91.4;171.93;81563.3;0;10329.7;0;0;0;;;;;;;;;;;
3;28;7.5;7.75;7.55;11.6;58.9;110.8;34879.7;0;2508.5;0;0;0;;;;;;;;;;;
4;14;4;4.25;4.08;7.4;37.7;70.92;21810;0;2761.7;0;0;0;;;;;;;;;;;
4;15;4.25;4.5;4.38;1.4;7.2;13.54;4142.5;0;343.9;0;0;0;;;;;;;;;;;
4;16;4.5;4.75;4.63;1.4;7.3;13.73;4198.7;0;270.1;0;0;0;;;;;;;;;;;
4;17;4.75;5;4.89;1.6;8.4;15.8;4850.4;0;359;0;0;0;;;;;;;;;;;
4;18;5;5.25;5.08;3.9;19.6;36.87;11366;0;631.5;0;0;0;;;;;;;;;;;
4;19;5.25;5.5;5.38;0.7;3.5;6.58;2002.8;0;210.3;0;0;0;;;;;;;;;;;
4;20;5.5;5.75;5.61;0.5;2.6;4.89;1490.3;0;105.6;0;0;0;;;;;;;;;;;
4;21;5.75;6;5.86;0.7;3.8;7.15;2200.9;0;253.6;0;0;0;;;;;;;;;;;
4;22;6;6.25;6.09;0.5;2.8;5.27;1596.4;0;157.4;0;0;0;;;;;;;;;;;
4;23;6.25;6.5;6.43;5.3;26.7;50.22;15464.3;0;3732.8;0;0;0;;;;;;;;;;;
4;24;6.5;6.75;6.68;42.1;213.7;401.99;123725.6;0;18554.5;0;0;0;;;;;;;;;;;
4;25;6.75;7;6.84;35.1;178.1;335.02;103154.7;0;13045.5;0;0;0;;;;;;;;;;;
4;26;7;7.25;7.12;12.3;62.4;117.38;36135.6;0;5512.1;0;0;0;;;;;;;;;;;
4;27;7.25;7.5;7.36;9.5;48;90.29;28544.4;0;4406.8;0;0;0;;;;;;;;;;;
4;28;7.5;7.75;7.61;2.6;13.2;24.83;11840;0;2928.8;0;0;0;;;;;;;;;;;
4;29;7.75;8;7.87;1;4.5;8.46;9494.5;0;2630.4;0;0;0;;;;;;;;;;;
4;30;8;8.25;8.12;0.6;2.5;4.7;8731.5;0;2462.6;0;0;0;;;;;;;;;;;
4;31;8.25;8.5;8.37;0.5;2.4;4.51;8445.2;0;2401.8;0;0;0;;;;;;;;;;;
4;32;8.5;8.75;8.62;0.5;2.3;4.33;8253.9;0;2396;0;0;0;;;;;;;;;;;
4;33;8.75;9;8.88;0.5;2.3;4.33;8164.5;0;2397.3;0;0;0;;;;;;;;;;;
4;34;9;9.25;9.13;0.5;2.4;4.51;8314.4;0;2485.4;0;0;0;;;;;;;;;;;
4;35;9.25;9.5;9.38;0.6;2.4;4.51;8482.9;0;2577.5;0;0;0;;;;;;;;;;;
4;36;9.5;9.75;9.63;0.6;2.5;4.7;8712.6;0;2695.1;0;0;0;;;;;;;;;;;
4;37;9.75;10;9.88;0.6;2.6;4.89;9234.8;0;2911.7;0;0;0;;;;;;;;;;;
4;38;10;10.25;10.13;0.6;2.8;5.27;9730.4;0;3108.3;0;0;0;;;;;;;;;;;
4;39;10.25;10.5;10.38;0.7;3;5.64;10450.8;0;3363.1;0;0;0;;;;;;;;;;;
4;40;10.5;10.75;10.63;0.7;3.2;6.02;11259.8;0;3646.9;0;0;0;;;;;;;;;;;
4;41;10.75;11;10.88;0.8;3.6;6.77;12708.4;0;4191.6;0;0;0;;;;;;;;;;;
4;42;11;11.25;11.13;0.9;4.1;7.71;14450.5;0;4826.4;0;0;0;;;;;;;;;;;
4;43;11.25;11.5;11.38;1.1;4.8;9.03;16930.1;0;5718.4;0;0;0;;;;;;;;;;;
4;44;11.5;11.75;11.63;1.6;6.8;12.79;24036.4;0;8511.6;0;0;0;;;;;;;;;;;
4;45;11.75;12;11.86;1.1;4.9;9.22;17389.2;0;4778.6;0;0;0;;;;;;;;;;;
4;46;12;12.25;12.12;0.7;3.2;6.02;11445.6;0;3100.7;0;0;0;;;;;;;;;;;
4;47;12.25;12.5;12.37;0.4;1.8;3.39;6229.3;0;884.1;0;0;0;;;;;;;;;;;
4;48;12.5;12.75;12.6;0.2;0.9;1.69;3257.5;0;242.8;0;0;0;;;;;;;;;;;
5;18;5;5.25;5.08;22;111.5;209.74;64581.7;0;23104.4;0;0;0;;;;;;;;;;;
5;19;5.25;5.5;5.39;1.5;7.6;14.3;4410.6;0;1496.6;0;0;0;;;;;;;;;;;
5;20;5.5;5.75;5.59;1;5.3;9.97;3075.2;0;1007.2;0;0;0;;;;;;;;;;;
5;21;5.75;6;5.82;1.3;6.4;12.04;3682.9;0;1439.8;0;0;0;;;;;;;;;;;
5;22;6;6.25;6.07;1.1;5.7;10.72;3315.1;0;1098.6;0;0;0;;;;;;;;;;;
5;23;6.25;6.5;6.32;1.3;6.8;12.79;3938.7;0;1403.7;0;0;0;;;;;;;;;;;
5;24;6.5;6.75;6.66;3.7;18.7;35.18;10804.8;0;2030.6;0;0;0;;;;;;;;;;;
5;25;6.75;7;6.91;23.8;120.9;227.42;69996.3;0;9043.8;0;0;0;;;;;;;;;;;
5;26;7;7.25;7.13;112.8;572.8;1077.48;331681.5;0;125034.5;0;0;0;;;;;;;;;;;
5;27;7.25;7.5;7.36;137.7;699.4;1315.62;404994.9;0;114248.2;0;0;0;;;;;;;;;;;
5;28;7.5;7.75;7.6;69.8;354.5;666.84;205244.6;0;50436.2;0;0;0;;;;;;;;;;;
5;29;7.75;8;7.87;39;198;372.45;114623.9;0;32726.6;0;0;0;;;;;;;;;;;
5;30;8;8.25;8.12;31.5;160;300.97;92651.7;0;25469.6;0;0;0;;;;;;;;;;;
5;31;8.25;8.5;8.37;29.3;148.6;279.53;86065;0;24586.1;0;0;0;;;;;;;;;;;
5;32;8.5;8.75;8.63;29.3;149;280.28;86256.8;0;28949.8;0;0;0;;;;;;;;;;;
5;33;8.75;9;8.87;27.9;142;267.11;82535.9;0;27023.7;0;0;0;;;;;;;;;;;
5;34;9;9.25;9.12;24.1;122.8;231;77828.7;0;25050;0;0;0;;;;;;;;;;;
5;35;9.25;9.5;9.37;19.8;100.6;189.24;63950.5;0;21978.5;0;0;0;;;;;;;;;;;
5;36;9.5;9.75;9.62;16.1;81.9;154.06;53984.2;0;19595.3;0;0;0;;;;;;;;;;;
5;37;9.75;10;9.88;12.8;65.1;122.46;46870.9;0;17824.3;0;0;0;;;;;;;;;;;
5;38;10;10.25;10.1;10.6;54.2;101.95;42815.4;0;11647.6;0;0;0;;;;;;;;;;;
5;39;10.25;10.5;10.39;10.3;53.1;99.88;47203.4;0;15033.3;0;0;0;;;;;;;;;;;
5;40;10.5;10.75;10.62;10.8;55.7;104.78;55071.9;0;17769.6;0;0;0;;;;;;;;;;;
5;41;10.75;11;10.84;3.9;20.2;38;21222.6;0;4624.6;0;0;0;;;;;;;;;;;
5;42;11;11.25;11.13;2.3;12.1;22.76;12706;0;2347.8;0;0;0;;;;;;;;;;;
5;43;11.25;11.5;11.33;1.2;5.9;11.1;6252.6;0;1189.2;0;0;0;;;;;;;;;;;
5;44;11.5;11.75;11.61;0.3;1.8;3.39;1887.6;0;517.8;0;0;0;;;;;;;;;;;
5;45;11.75;12;11.87;0.3;1.6;3.01;1664.3;0;501.1;0;0;0;;;;;;;;;;;
5;46;12;12.25;12.12;0.4;1.9;3.57;1992.2;0;648;0;0;0;;;;;;;;;;;
5;47;12.25;12.5;12.37;0.6;3.1;5.83;3197.5;0;1218.8;0;0;0;;;;;;;;;;;
5;48;12.5;12.75;12.6;0.3;1.4;2.63;1466.6;0;336.4;0;0;0;;;;;;;;;;;
5;49;12.75;13;12.86;0.2;0.8;1.5;880.4;0;137.4;0;0;0;;;;;;;;;;;
5;50;13;13.25;13.11;0.1;0.7;1.32;727.1;0;116.2;0;0;0;;;;;;;;;;;
6;24;6.5;6.75;6.71;40.4;205.1;385.81;118746.4;0;16438;0;0;0;;;;;;;;;;;
6;25;6.75;7;6.84;56.4;286.4;538.74;165856.7;0;29763.8;0;0;0;;;;;;;;;;;
6;26;7;7.25;7.13;28.7;145.8;274.26;84416.3;0;16974.3;0;0;0;;;;;;;;;;;
6;27;7.25;7.5;7.38;39.7;201.7;379.41;116814.3;0;60350.3;0;0;0;;;;;;;;;;;
6;28;7.5;7.75;7.62;33.7;170.7;321.1;105874.7;0;111140.8;0;0;0;;;;;;;;;;;
6;29;7.75;8;7.87;23.2;116.6;219.33;86619.2;0;177236.5;0;0;0;;;;;;;;;;;
6;30;8;8.25;8.13;18.2;90.7;170.61;81078.8;0;206937.5;0;0;0;;;;;;;;;;;
6;31;8.25;8.5;8.38;21.8;109.2;205.41;92603.2;0;277506.6;0;0;0;;;;;;;;;;;
6;32;8.5;8.75;8.62;18.8;93.9;176.63;84191.7;0;212984.4;0;0;0;;;;;;;;;;;
6;33;8.75;9;8.87;5.8;27.9;52.48;46609.6;0;50342.8;0;0;0;;;;;;;;;;;
6;34;9;9.25;9.12;4.7;22.2;41.76;43870.3;0;48949.6;0;0;0;;;;;;;;;;;
6;35;9.25;9.5;9.37;4.2;19.4;36.49;43371.5;0;51135.6;0;0;0;;;;;;;;;;;
6;36;9.5;9.75;9.63;3.7;16.7;31.41;43217.9;0;54457.1;0;0;0;;;;;;;;;;;
6;37;9.75;10;9.88;3.2;14.4;27.09;43806.7;0;59181.1;0;0;0;;;;;;;;;;;
6;38;10;10.25;10.13;3;12.9;24.27;45435.9;0;65912.6;0;0;0;;;;;;;;;;;
6;39;10.25;10.5;10.38;3.1;13.5;25.39;47817.3;0;74419.6;0;0;0;;;;;;;;;;;
6;40;10.5;10.75;10.63;3.4;14.7;27.65;51778.5;0;84141.9;0;0;0;;;;;;;;;;;
6;41;10.75;11;10.88;3.8;16.5;31.04;58405.5;0;84428.6;0;0;0;;;;;;;;;;;
6;42;11;11.25;11.13;4.5;19.6;36.87;69331;0;86905.7;0;0;0;;;;;;;;;;;
6;43;11.25;11.5;11.42;11.1;48.2;90.67;170351.9;0;700263.6;0;0;0;;;;;;;;;;;
6;44;11.5;11.75;11.62;29.6;128.8;242.28;454994.7;0;1614655.1;0;0;0;;;;;;;;;;;
6;45;11.75;12;11.86;23.3;101.5;190.93;358490.3;0;431152.2;0;0;0;;;;;;;;;;;
6;46;12;12.25;12.12;16.3;71.1;133.74;251284.1;0;164296.3;0;0;0;;;;;;;;;;;
6;47;12.25;12.5;12.37;14.2;61.7;116.06;218049.6;0;111841.5;0;0;0;;;;;;;;;;;
6;48;12.5;12.75;12.61;11.5;50;94.05;176670.5;0;81015.7;0;0;0;;;;;;;;;;;
6;49;12.75;13;12.88;9.7;42.4;79.76;149814.7;0;53682.1;0;0;28.4;;;;;;;;;;;
6;50;13;13.25;13.11;9.3;40.5;76.18;143009.9;0;42986.7;0;0;3058;;;;;;;;;;;
6;51;13.25;13.5;13.37;5.3;23.2;43.64;81803.3;0;15669.5;0;0;8370.7;;;;;;;;;;;
6;52;13.5;13.75;13.62;5;23;43.26;58348.6;0;11842.3;0;0;7198;;;;;;;;;;;
6;53;13.75;14;13.86;5;24.1;45.33;35243.9;0;5978.8;0;0;3863.2;;;;;;;;;;;
6;54;14;14.25;14.08;1;4.8;9.03;11225.4;0;2993.2;0;0;369.2;;;;;;;;;;;
6;55;14.25;14.5;14.39;0.4;1.8;3.39;1060.2;0;0;0;0;358.1;;;;;;;;;;;
6;56;14.5;14.75;14.57;0.8;3.8;7.15;2216.7;0;0;0;0;770.2;;;;;;;;;;;
7;24;6.5;6.75;6.7;9.1;46;86.53;26641.4;0;1377.7;0;0;0;;;;;;;;;;;
7;25;6.75;7;6.89;111.6;566.8;1066.19;328182.1;0;40361.1;0;0;0;;;;;;;;;;;
7;26;7;7.25;7.1;61.6;313;588.78;181228.9;0;68972.9;0;0;0;;;;;;;;;;;
7;27;7.25;7.5;7.35;25;126.8;238.52;73435.6;0;14265.5;0;0;0;;;;;;;;;;;
7;28;7.5;7.75;7.61;15;76.4;143.71;44239.3;0;2513.8;0;0;0;;;;;;;;;;;
7;29;7.75;8;7.87;8.6;43.7;82.2;25313.8;0;499.3;0;0;0;;;;;;;;;;;
7;30;8;8.25;8.12;5.8;29.5;55.49;17084.7;0;313.4;0;0;0;;;;;;;;;;;
7;31;8.25;8.5;8.37;4.2;21.2;39.88;12280.1;0;224.7;0;0;0;;;;;;;;;;;
7;32;8.5;8.75;8.6;2.1;10.8;20.32;6233;0;10130.6;0;0;0;;;;;;;;;;;
8;26;7;7.25;7.19;9.9;50.3;94.62;29116.1;0;12491.5;0;0;0;;;;;;;;;;;
8;27;7.25;7.5;7.4;66.5;337.6;635.05;195508.3;0;51427.3;0;0;0;;;;;;;;;;;
8;28;7.5;7.75;7.62;66.5;337.6;635.05;195506.3;0;68117.5;0;0;0;;;;;;;;;;;
8;29;7.75;8;7.87;54.4;276.5;520.12;160096.6;0;53997.8;0;0;0;;;;;;;;;;;
8;30;8;8.25;8.13;52.9;268.5;505.07;155447.2;0;43959.2;0;0;0;;;;;;;;;;;
8;31;8.25;8.5;8.37;53;269.4;506.76;155976.7;0;32257.3;0;0;0;;;;;;;;;;;
8;32;8.5;8.75;8.63;51.6;262.1;493.03;151770.5;0;28178.2;0;0;0;;;;;;;;;;;
8;33;8.75;9;8.87;44.5;226.1;425.31;130904.5;0;29730.6;0;0;0;;;;;;;;;;;
8;34;9;9.25;9.13;37;188.2;354.02;108947.7;0;57966.9;0;0;0;;;;;;;;;;;
8;35;9.25;9.5;9.37;40.4;205.3;386.18;118873.3;0;78288;0;0;0;;;;;;;;;;;
8;36;9.5;9.75;9.62;31.8;161.7;304.17;93452.6;0;62327.5;0;0;0;;;;;;;;;;;
8;37;9.75;10;9.87;26.6;137.6;258.84;76592.8;0;72162.5;0;0;0;;;;;;;;;;;
8;38;10;10.25;10.13;25.4;133.3;250.75;71336.9;0;70285.3;0;0;0;;;;;;;;;;;
8;39;10.25;10.5;10.37;37.3;195.3;367.37;105117.2;0;120999.7;0;0;0;;;;;;;;;;;
8;40;10.5;10.75;10.62;29.6;166.7;313.57;75955;0;44291.6;0;0;0;;;;;;;;;;;
8;41;10.75;11;10.88;32.1;192.8;362.67;73119.5;0;27995;0;0;0;;;;;;;;;;;
8;42;11;11.25;11.13;42.7;261.8;492.46;91978.4;0;33425.3;0;0;0;;;;;;;;;;;
8;43;11.25;11.5;11.37;45.4;285.5;537.05;92393;0;32521.8;0;0;0;;;;;;;;;;;
8;44;11.5;11.75;11.63;55.2;349.5;657.43;110619.5;0;45089.7;0;0;0;;;;;;;;;;;
8;45;11.75;12;11.87;53.1;336.9;633.73;105628.8;0;45300.8;0;0;0;;;;;;;;;;;
8;46;12;12.25;12.13;58.5;371.5;698.82;116487;0;46189;0;0;0;;;;;;;;;;;
8;47;12.25;12.5;12.37;54;342.7;644.64;108753.5;0;39873.4;0;0;0;;;;;;;;;;;
8;48;12.5;12.75;12.63;66.6;424.5;798.52;131394.7;0;53490.7;0;0;0;;;;;;;;;;;
8;49;12.75;13;12.88;81.4;519.3;976.84;160337.1;0;58254.6;0;0;0;;;;;;;;;;;
8;50;13;13.25;13.12;74;471.9;887.68;145676.1;0;47442.1;0;0;0;;;;;;;;;;;
8;51;13.25;13.5;13.36;62.9;401.1;754.5;123683.2;0;38685.2;0;0;6;;;;;;;;;;;
8;52;13.5;13.75;13.62;48;306.1;575.8;94359.3;0;28512.9;0;0;5215.3;;;;;;;;;;;
8;53;13.75;14;13.88;51.4;327.7;616.43;101028.3;0;21752.6;0;0;11045.1;;;;;;;;;;;
8;54;14;14.25;14.12;35.7;227.7;428.32;70219;0;14209.1;0;0;5440.6;;;;;;;;;;;
8;55;14.25;14.5;14.37;29;185.1;348.19;57112.4;0;12412.5;0;0;731.3;;;;;;;;;;;
8;56;14.5;14.75;14.62;23.1;147.6;277.65;45560.7;0;9805.6;0;0;0;;;;;;;;;;;
8;57;14.75;15;14.87;18.6;118.6;223.1;36647.4;0;5711.1;0;0;0;;;;;;;;;;;
8;58;15;15.25;15.09;9.6;60.9;114.56;18906.6;0;2861.3;0;0;0;;;;;;;;;;;
8;59;15.25;15.5;15.37;4.6;29;54.55;9027.5;0;2365;0;0;0;;;;;;;;;;;
8;60;15.5;15.75;15.55;0.4;2.3;4.33;751.3;0;226.7;0;0;0;;;;;;;;;;;
9;26;7;7.25;7.18;12.1;61.7;116.06;35721.5;0;5402;0;0;0;;;;;;;;;;;
9;27;7.25;7.5;7.39;42.8;217.6;409.32;125975;0;29758.7;0;0;0;;;;;;;;;;;
9;28;7.5;7.75;7.62;77.1;391.4;736.25;226631.1;0;183234.8;0;0;0;;;;;;;;;;;
9;29;7.75;8;7.87;46.9;238.5;448.64;138085.8;0;90093.3;0;0;0;;;;;;;;;;;
9;30;8;8.25;8.13;42.4;215.2;404.81;124581.8;0;69885.4;0;0;0;;;;;;;;;;;
9;31;8.25;8.5;8.38;54;274.2;515.79;158750.7;0;150929;0;0;0;;;;;;;;;;;
9;32;8.5;8.75;8.62;42.1;214;402.55;123920.7;0;219593.9;0;0;0;;;;;;;;;;;
9;33;8.75;9;8.86;15.5;78.8;148.23;46687.7;0;27409.4;0;0;0;;;;;;;;;;;
9;34;9;9.25;9.12;10.2;51.5;96.88;32137.6;0;22396.8;0;0;0;;;;;;;;;;;
9;35;9.25;9.5;9.37;8.2;41.5;78.06;27299.5;0;20805.6;0;0;0;;;;;;;;;;;
9;36;9.5;9.75;9.62;7.2;36.2;68.09;25087.9;0;20946;0;0;0;;;;;;;;;;;
9;37;9.75;10;9.87;6.3;31.7;59.63;23604.8;0;21629.7;0;0;0;;;;;;;;;;;
9;38;10;10.25;10.12;5;24.8;46.65;22320.4;0;23775;0;0;0;;;;;;;;;;;
9;39;10.25;10.5;10.36;3.8;18.6;34.99;21941.5;0;27351.3;0;0;0;;;;;;;;;;;
9;40;10.5;10.75;10.62;4.8;23.6;44.39;25430.6;0;32689.8;0;0;0;;;;;;;;;;;
9;41;10.75;11;10.87;6;29.9;56.24;30256.7;0;38592.7;0;0;0;;;;;;;;;;;
9;42;11;11.25;11.12;6.3;31.4;59.07;32775;0;41723.9;0;0;0;;;;;;;;;;;
9;43;11.25;11.5;11.36;6.8;33.6;63.2;34087.8;0;45082.4;0;0;0;;;;;;;;;;;
9;44;11.5;11.75;11.62;7.3;36.2;68.09;35585.6;0;49110.5;0;0;0;;;;;;;;;;;
9;45;11.75;12;11.86;8.4;41.6;78.25;38961.1;0;55324.7;0;0;0;;;;;;;;;;;
9;46;12;12.25;12.12;8.3;41.1;77.31;43123.6;0;63733.8;0;0;0;;;;;;;;;;;
9;47;12.25;12.5;12.37;7.5;36.2;68.09;50704.5;0;77183.3;0;0;0;;;;;;;;;;;
9;48;12.5;12.75;12.62;7.3;34.9;65.65;62038.2;0;98597.4;0;0;0;;;;;;;;;;;
9;49;12.75;13;12.88;7.8;35.9;67.53;86975.4;0;108859.4;0;0;0;;;;;;;;;;;
9;50;13;13.25;13.11;8.9;40.6;76.37;103966.5;0;90525.2;0;0;0;;;;;;;;;;;
9;51;13.25;13.5;13.37;6.9;32.2;60.57;69230.3;0;32821.3;0;0;1324.9;;;;;;;;;;;
9;52;13.5;13.75;13.62;5.6;25.8;48.53;59546.1;0;15956.6;0;0;1760.6;;;;;;;;;;;
9;53;13.75;14;13.86;4;17.7;33.29;52705.8;0;15694.1;0;0;162.1;;;;;;;;;;;
9;54;14;14.25;14.06;2.4;10.8;20.32;26815.8;0;9295.2;0;0;86.5;;;;;;;;;;;
9;55;14.25;14.5;14.31;0.7;3.5;6.58;2050.3;0;1721;0;0;109.4;;;;;;;;;;;
9;56;14.5;14.75;14.57;3.1;15.7;29.53;9099;0;9650.6;0;0;268.9;;;;;;;;;;;
10;17;4.75;5;4.87;1;4.1;7.71;76609.9;33801.9;939.3;0;0;0;;;;;;;;;;;
10;18;5;5.25;5.11;1.1;4.6;8.65;77365.7;45661.4;673;0;0;0;;;;;;;;;;;
10;19;5.25;5.5;5.38;1.3;5;9.41;108753.5;76433.2;1159.1;0;0;0;;;;;;;;;;;
10;20;5.5;5.75;5.64;2.5;10;18.81;236189.5;206080.9;2024.8;0;0;0;;;;;;;;;;;
10;21;5.75;6;5.84;3;12.5;23.51;161998.4;249301.6;21847.2;0;0;0;;;;;;;;;;;
10;22;6;6.25;6.1;0.5;2.2;4.14;46684;4244.3;19670.8;0;0;0;;;;;;;;;;;
10;23;6.25;6.5;6.36;1.4;6;11.29;39463.2;1956;17642.8;0;0;0;;;;;;;;;;;
10;24;6.5;6.75;6.61;1.7;7.3;13.73;34015.2;2755.3;14889.4;0;0;0;;;;;;;;;;;
10;25;6.75;7;6.87;1.7;7.6;14.3;30174.6;424.2;13320.9;0;0;0;;;;;;;;;;;
10;26;7;7.25;7.12;2.3;9.9;18.62;37225.2;123.8;18257.9;0;0;0;;;;;;;;;;;
10;27;7.25;7.5;7.37;2.5;10.8;20.32;39982;275.3;19978.6;0;0;0;;;;;;;;;;;
10;28;7.5;7.75;7.63;2.8;12.3;23.14;44142.5;0;22337.2;0;0;0;;;;;;;;;;;
10;29;7.75;8;7.89;4.2;18.4;34.61;65180.3;0;33778.9;0;0;0;;;;;;;;;;;
10;30;8;8.25;8.12;3.6;15.5;29.16;54930.7;79.9;24286.3;0;0;0;;;;;;;;;;;
10;31;8.25;8.5;8.37;2.9;12.7;23.89;44850.4;730.8;16497;0;0;0;;;;;;;;;;;
10;32;8.5;8.75;8.59;1.7;7.3;13.73;25784.9;6936.7;3734.3;0;0;0;;;;;;;;;;;
10;33;8.75;9;8.8;0.3;1.4;2.63;4987.7;2650.3;0;0;0;0;;;;;;;;;;;
11;17;4.75;5;4.9;0.1;0.4;0.75;1408.6;376.2;0;0;0;0;;;;;;;;;;;
11;18;5;5.25;5.16;2;8.9;16.74;31376.3;8078.9;0;0;0;0;;;;;;;;;;;
11;19;5.25;5.5;5.38;4;17.5;32.92;61717.4;15766.7;0;0;0;0;;;;;;;;;;;
11;20;5.5;5.75;5.64;6;26.1;49.1;92168.8;40723.8;0;0;0;0;;;;;;;;;;;
11;21;5.75;6;5.86;5.2;22.7;42.7;80125;53602.9;2099.1;0;0;0;;;;;;;;;;;
11;22;6;6.25;6.13;4.2;18.4;34.61;64995.7;6173.7;4055.2;0;0;0;;;;;;;;;;;
11;23;6.25;6.5;6.36;3.4;15;28.22;52847.7;6226.4;2916.7;0;0;0;;;;;;;;;;;
11;24;6.5;6.75;6.63;2.8;12.4;23.33;43842.3;6775;1906.1;0;0;0;;;;;;;;;;;
11;25;6.75;7;6.88;3.1;13.6;25.58;48005.5;7829;1964.3;0;0;0;;;;;;;;;;;
11;26;7;7.25;7.13;3.3;14.3;26.9;50526.6;14828.6;1810.4;0;0;0;;;;;;;;;;;
11;27;7.25;7.5;7.38;3.8;16.6;31.23;58778.7;71307.3;1973;0;0;0;;;;;;;;;;;
11;28;7.5;7.75;7.65;6.8;29.7;55.87;104789.3;127060.2;15492.1;0;0;0;;;;;;;;;;;
11;29;7.75;8;7.88;12.6;54.7;102.89;193341.5;95829.7;63530.8;0;0;0;;;;;;;;;;;
11;30;8;8.25;8.13;12;52.4;98.57;184998.1;146765.4;68295.2;0;0;0;;;;;;;;;;;
11;31;8.25;8.5;8.36;7.7;33.7;63.39;119010;93864.3;172840.8;0;0;0;;;;;;;;;;;
11;32;8.5;8.75;8.61;4.9;21.5;40.44;76011.9;28864.5;205908.9;0;0;0;;;;;;;;;;;
11;33;8.75;9;8.85;3.8;16.4;30.85;57840;16682;285099.2;0;0;0;;;;;;;;;;;
11;34;9;9.25;9.12;1.5;6.7;12.6;23829.9;149.6;285983.7;0;0;0;;;;;;;;;;;
11;35;9.25;9.5;9.32;0.7;2.9;5.46;10301.6;37.4;145229.3;0;0;0;;;;;;;;;;;
12;18;5;5.25;5.11;7.9;239.6;450.7;93661;0;705842.5;0;0;0;;;;;;;;;;;
12;19;5.25;5.5;5.36;11.4;57.7;108.54;24243.7;0;144126.2;0;0;1479.5;;;;;;;;;;;
12;20;5.5;5.75;5.62;15.1;76.7;144.28;29025.2;0;182734.7;0;0;13.1;;;;;;;;;;;
12;21;5.75;6;5.89;24.2;123.1;231.56;45171;0;264627.1;0;0;104.9;;;;;;;;;;;
12;22;6;6.25;6.17;142.8;725.6;1364.91;262592.4;0;1365547.7;0;0;2131.8;;;;;;;;;;;
12;23;6.25;6.5;6.37;309.4;1567.2;2948.02;692491.3;0;1827618.6;0;0;91938.2;;;;;;;;;;;
12;24;6.5;6.75;6.6;129.4;657.6;1236.99;240491.5;0;637209.4;0;0;21569;;;;;;;;;;;
12;25;6.75;7;6.87;70;356.1;669.85;118219.5;0;308115.6;0;0;44223.3;;;;;;;;;;;
12;26;7;7.25;7.13;67.2;342;643.33;116697.1;0;331553.3;0;0;20308.1;;;;;;;;;;;
12;27;7.25;7.5;7.37;74.8;380.3;715.37;129252.6;0;400573.1;0;0;17936.2;;;;;;;;;;;
12;28;7.5;7.75;7.61;52.8;268.9;505.82;88007.5;0;348237.9;0;0;21999.1;;;;;;;;;;;
12;29;7.75;8;7.87;39.2;199.7;375.65;63434;0;329930.4;0;0;11600.4;;;;;;;;;;;
12;30;8;8.25;8.12;25.6;130;244.54;47128.1;0;311091.8;0;0;4916.4;;;;;;;;;;;
12;31;8.25;8.5;8.36;19.1;97.2;182.84;36661.2;0;278581;0;0;2870.6;;;;;;;;;;;
12;32;8.5;8.75;8.6;8.1;40.9;76.94;16921.8;0;144337;0;0;2493.8;;;;;;;;;;;
12;33;8.75;9;8.87;5.4;27.2;51.17;12358;0;135257.7;0;0;1394;;;;;;;;;;;
12;34;9;9.25;9.09;2;10.3;19.38;6105.6;0;63539.7;0;0;655.9;;;;;;;;;;;
12;35;9.25;9.5;9.38;0.6;2.9;5.46;5242.4;0;50037.6;0;0;518.2;;;;;;;;;;;
12;36;9.5;9.75;9.64;1.4;6.3;11.85;18369.5;0;209507.3;0;0;768.9;;;;;;;;;;;
12;37;9.75;10;9.8;0.3;1.4;2.63;5200.7;0;23214.1;0;0;13.1;;;;;;;;;;;
13;21;5.75;6;5.95;1.4;7.2;13.54;3123.4;0;1121.4;0;0;0;;;;;;;;;;;
13;22;6;6.25;6.19;158.7;797.6;1500.34;516837.5;0;206085;0;0;0;;;;;;;;;;;
13;23;6.25;6.5;6.32;92.2;463.1;871.12;308256.5;0;107208.3;0;0;0;;;;;;;;;;;
13;24;6.5;6.75;6.66;4.3;20.6;38.75;47383.6;0;5817;0;0;0;;;;;;;;;;;
13;25;6.75;7;6.88;6;26.8;50.41;99885.5;0;10924.1;0;0;0;;;;;;;;;;;
13;26;7;7.25;7.1;4.5;20.1;37.81;75914.2;0;8112.8;0;0;0;;;;;;;;;;;
13;27;7.25;7.5;7.35;1.5;6.5;12.23;24602.3;0;2840.8;0;0;0;;;;;;;;;;;
13;28;7.5;7.75;7.61;0.7;3.3;6.21;12421.4;0;1435.8;0;0;0;;;;;;;;;;;
13;29;7.75;8;7.85;0.3;1.2;2.26;4486.5;0;512.9;0;0;0;;;;;;;;;;;
13;30;8;8.25;8.1;0.1;0.4;0.75;1549.9;0;177.2;0;0;0;;;;;;;;;;;
13;32;8.5;8.75;8.63;0;0.2;0.38;586.8;0;67.7;0;0;0;;;;;;;;;;;
13;33;8.75;9;8.88;0.1;0.3;0.56;1033.8;0;118.3;0;0;0;;;;;;;;;;;
13;34;9;9.25;9.1;0;0.2;0.38;597.5;0;68.6;0;0;0;;;;;;;;;;;
14;21;5.75;6;5.95;1.1;5.2;9.78;5744.8;0;1804.1;0;0;0;;;;;;;;;;;
14;22;6;6.25;6.19;47.7;234;440.17;300632.4;0;75332;0;0;0;;;;;;;;;;;
14;23;6.25;6.5;6.34;57.9;288.4;542.5;302375.3;0;60969.7;0;0;0;;;;;;;;;;;
14;24;6.5;6.75;6.64;171.6;895.6;1684.69;1395848.7;0;139000.9;0;0;0;;;;;;;;;;;
14;25;6.75;7;6.85;140.1;730.5;1374.12;1124051.6;0;81320.4;0;0;9708;;;;;;;;;;;
14;26;7;7.25;7.07;32.9;184.7;347.43;98463.2;0;11983.5;0;0;0;;;;;;;;;;;
14;27;7.25;7.5;7.36;15.5;89.4;168.17;17594.5;0;3027.2;0;0;0;;;;;;;;;;;
14;28;7.5;7.75;7.61;9.2;52.9;99.51;10297.8;0;1492.4;0;0;0;;;;;;;;;;;
14;29;7.75;8;7.86;5.3;30.6;57.56;5956.8;0;864.8;0;0;0;;;;;;;;;;;
14;30;8;8.25;8.11;3;17.4;32.73;3392.5;0;492.9;0;0;0;;;;;;;;;;;
14;31;8.25;8.5;8.36;1.7;10;18.81;1948.2;0;284;0;0;0;;;;;;;;;;;
14;32;8.5;8.75;8.61;0.9;4.9;9.22;959.9;0;141.1;0;0;0;;;;;;;;;;;
15;22;6;6.25;6.19;38;192.1;361.35;94998.7;0;17099.6;0;0;0;;;;;;;;;;;
15;23;6.25;6.5;6.37;84.4;442;831.43;227707.8;0;40225.4;0;0;0;;;;;;;;;;;
15;24;6.5;6.75;6.63;105.1;617.8;1162.13;244156.1;0;61633.5;0;0;0;;;;;;;;;;;
15;25;6.75;7;6.88;207.5;1294.4;2434.86;372168.5;0;112010.3;0;0;37211;;;;;;;;;;;
15;26;7;7.25;7.1;134.7;821.3;1544.92;212472.5;0;50715.4;0;0;1467.6;;;;;;;;;;;
15;27;7.25;7.5;7.37;69.1;422.2;794.19;109669;0;34997.7;0;0;0;;;;;;;;;;;
15;28;7.5;7.75;7.61;51.3;306.1;575.8;71618.6;0;28931.3;0;0;0;;;;;;;;;;;
15;29;7.75;8;7.87;19.9;121.5;228.55;31223;0;18539.6;0;0;0;;;;;;;;;;;
15;30;8;8.25;8.11;13.4;82;154.25;21329.7;0;13527.8;0;0;0;;;;;;;;;;;
15;31;8.25;8.5;8.37;10.5;64.4;121.14;17067.9;0;10906.5;0;0;0;;;;;;;;;;;
15;32;8.5;8.75;8.62;9.9;60.7;114.18;16268.5;0;10978.1;0;0;0;;;;;;;;;;;
15;33;8.75;9;8.87;8.6;52.1;98;13153.9;0;8585;0;0;0;;;;;;;;;;;
15;34;9;9.25;9.13;8.1;49.3;92.74;12957.8;0;9674.2;0;0;0;;;;;;;;;;;
15;35;9.25;9.5;9.37;7.5;45.5;85.59;11720;0;8394.9;0;0;0;;;;;;;;;;;
15;36;9.5;9.75;9.63;7.7;47.3;88.97;12604.3;0;9288;0;0;0;;;;;;;;;;;
15;37;9.75;10;9.88;7.9;48.9;91.98;13236.6;0;9733.6;0;0;258.8;;;;;;;;;;;
15;38;10;10.25;10.13;9.6;59.9;112.68;16871;0;8864.9;0;0;4642.2;;;;;;;;;;;
15;39;10.25;10.5;10.38;9.9;61.8;116.25;17293.7;0;9459;0;0;4968.5;;;;;;;;;;;
15;40;10.5;10.75;10.62;14.3;89.7;168.73;25806.9;0;9520.2;0;0;11271.5;;;;;;;;;;;
15;41;10.75;11;10.87;6.3;38.8;72.99;10515.1;0;8079.4;0;0;1332.4;;;;;;;;;;;
15;42;11;11.25;11.13;7;43.3;81.45;11848.7;0;9679.4;0;0;1205.9;;;;;;;;;;;
15;43;11.25;11.5;11.38;7.6;46.7;87.85;12407.7;0;9541.5;0;0;1672;;;;;;;;;;;
15;44;11.5;11.75;11.62;7.2;44.2;83.14;11982.8;0;8822;0;0;1993.1;;;;;;;;;;;
15;45;11.75;12;11.87;6.5;40;75.24;11045.8;0;8746.3;0;0;1537.3;;;;;;;;;;;
15;46;12;12.25;12.12;6.1;38.2;71.86;10717.4;0;8505.3;0;0;1472.5;;;;;;;;;;;
15;47;12.25;12.5;12.38;7.7;48.2;90.67;13826.4;0;9376.1;0;0;3144.5;;;;;;;;;;;
15;48;12.5;12.75;12.62;7.9;49.7;93.49;14252.9;0;9654.9;0;0;3253.2;;;;;;;;;;;
15;49;12.75;13;12.87;8.4;52.6;98.94;15097;0;9613.1;0;0;3914;;;;;;;;;;;
15;50;13;13.25;13.12;8.2;51.3;96.5;14906.2;0;8964.2;0;0;4273.4;;;;;;;;;;;
15;51;13.25;13.5;13.38;7.9;50.1;94.24;14928.3;0;8831.3;0;0;4364.9;;;;;;;;;;;
15;52;13.5;13.75;13.62;8.5;53.5;100.64;15910.2;0;9505;0;0;4576.5;;;;;;;;;;;
15;53;13.75;14;13.87;6.8;42.8;80.51;12340.5;0;8675.6;0;0;2460.2;;;;;;;;;;;
15;54;14;14.25;14.14;9.3;58.6;110.23;17182.1;0;10263.7;0;0;4918.8;;;;;;;;;;;
15;55;14.25;14.5;14.38;11.1;69.9;131.49;20758.7;0;19128.4;0;0;730.9;;;;;;;;;;;
15;56;14.5;14.75;14.61;10.5;66.2;124.53;19704.2;0;18885.3;0;0;85.9;;;;;;;;;;;
15;57;14.75;15;14.87;7;44;82.77;12609.5;0;12069.2;0;0;78.6;;;;;;;;;;;
15;58;15;15.25;15.13;7.6;47.9;90.1;13764.1;0;13272.8;0;0;33.1;;;;;;;;;;;
15;59;15.25;15.5;15.36;8.1;51;95.93;14792.4;0;14104.2;0;0;54.6;;;;;;;;;;;
15;60;15.5;15.75;15.62;5.7;35.6;66.97;10000;0;9523.6;0;0;33.1;;;;;;;;;;;
15;61;15.75;16;15.81;2.4;15.1;28.4;4420.4;0;4128.1;0;0;102.5;;;;;;;;;;;
15;63;16.25;16.5;16.36;0.3;2.1;3.95;641.5;0;0;0;0;475.5;;;;;;;;;;;
15;64;16.5;16.75;16.56;0.6;4.1;7.71;1260.8;0;0;0;0;940.3;;;;;;;;;;;
16;21;5.75;6;5.97;0.9;4.5;8.352244754;1514.2;0;366;0;0;0;;;;;;;;;;;
16;22;6;6.25;6.19;127.4;647.7;1218.37;217732.5;0;47877.5;0;0;0;;;;;;;;;;;
16;23;6.25;6.5;6.36;177.1;899.3;1691.65;339464.6;0;76766.4;0;0;63582.6;;;;;;;;;;;
16;24;6.5;6.75;6.64;235.5;1201.1;2259.36;497523.1;0;244556.7;0;0;8070.6;;;;;;;;;;;
16;25;6.75;7;6.87;376.6;2200.3;4138.92;827511.3;0;555583.4;0;0;22336.2;;;;;;;;;;;
16;26;7;7.25;7.09;61.2;359.8;676.81;137261.2;0;76610.7;0;0;19075.5;;;;;;;;;;;
16;27;7.25;7.5;7.36;26.3;147.9;278.21;63995.8;0;30026.8;0;0;9118.4;;;;;;;;;;;
16;28;7.5;7.75;7.62;17.3;98.3;184.91;43040.4;0;19589.5;0;0;2408.5;;;;;;;;;;;
16;29;7.75;8;7.86;9.5;57.6;108.35;21375.6;0;11690.4;0;0;1383.3;;;;;;;;;;;
16;30;8;8.25;8.13;9.2;58.3;109.67;18139.1;0;11340.9;0;0;823.3;;;;;;;;;;;
16;31;8.25;8.5;8.37;9.6;61.4;115.5;19009.3;0;11598.4;0;0;887;;;;;;;;;;;
16;32;8.5;8.75;8.62;9.7;61.9;116.44;19055.9;0;9296.3;0;0;927.4;;;;;;;;;;;
16;33;8.75;9;8.82;3.9;25;47.03;7686.7;0;3151.4;0;0;1170.7;;;;;;;;;;;
16;34;9;9.25;9.13;3.4;21.5;40.44;6610.9;0;2077.5;0;0;2883;;;;;;;;;;;
16;35;9.25;9.5;9.37;2.9;18.7;35.18;5767.1;0;1650.4;0;0;2752.1;;;;;;;;;;;
16;36;9.5;9.75;9.61;2.5;16.1;30.29;4953.1;0;1264.6;0;0;2458.1;;;;;;;;;;;
16;37;9.75;10;9.87;2;12.7;23.89;3906.3;0;1086.7;0;0;2027.7;;;;;;;;;;;
16;38;10;10.25;10.11;1.7;10.9;20.5;3349;0;1140.2;0;0;1588;;;;;;;;;;;
16;39;10.25;10.5;10.37;1.8;11.4;21.44;3520.7;0;1054.2;0;0;1788.8;;;;;;;;;;;
16;40;10.5;10.75;10.62;3.4;21.9;41.2;6742.4;0;1049.1;0;0;4204.4;;;;;;;;;;;
16;41;10.75;11;10.86;1.7;10.7;20.13;3284.6;0;900.6;0;0;1751.5;;;;;;;;;;;
16;42;11;11.25;11.11;1.5;9.5;17.87;2933.1;0;953.3;0;0;1459.6;;;;;;;;;;;
16;43;11.25;11.5;11.36;1.7;10.8;20.32;3331.7;0;1060.6;0;0;1676.2;;;;;;;;;;;
16;44;11.5;11.75;11.61;1.6;10.5;19.75;3232.5;0;1417.9;0;0;1318.1;;;;;;;;;;;
16;45;11.75;12;11.85;1.5;9.3;17.49;2872.5;0;1655.6;0;0;856.1;;;;;;;;;;;
16;46;12;12.25;12.09;1.4;8.9;16.74;2753.2;0;1586.6;0;0;821.2;;;;;;;;;;;
16;47;12.25;12.5;12.37;1.8;11.5;21.63;3544;0;2119.3;0;0;992.3;;;;;;;;;;;
16;48;12.5;12.75;12.59;1.9;12;22.57;3693.6;0;2060.1;0;0;1116.5;;;;;;;;;;;
16;49;12.75;13;12.84;1.3;8;15.05;2456.3;0;1172.4;0;0;896.5;;;;;;;;;;;
16;50;13;13.25;13.08;1.1;6.8;12.79;2086.1;0;911.3;0;0;778.4;;;;;;;;;;;
16;51;13.25;13.5;13.3;0.6;4;7.52;1220.2;0;656.5;0;0;342.3;;;;;;;;;;;
16;52;13.5;13.75;13.51;0.4;2.3;4.33;719.2;0;506.3;0;0;99.3;;;;;;;;;;;
17;21;5.75;6;5.89;2.6;13.1;24.64;3839.4;0;12785.6;0;0;82.2;;;;;;;;;;;
17;22;6;6.25;6.2;56.8;289.5;544.57;85073;0;112520.9;0;0;3598;;;;;;;;;;;
17;23;6.25;6.5;6.39;278;1416;2663.6;416106;0;434872.9;0;0;379020;;;;;;;;;;;
17;24;6.5;6.75;6.61;138.5;705.7;1327.47;207380.3;0;272230.1;0;0;92922;;;;;;;;;;;
17;25;6.75;7;6.89;171.5;873.9;1643.87;256803.7;0;246712.8;0;0;53158.7;;;;;;;;;;;
17;26;7;7.25;7.11;202.2;1030.3;1938.07;302766.7;0;165425.3;0;0;88607.6;;;;;;;;;;;
17;27;7.25;7.5;7.38;184.1;937.9;1764.26;275600.5;0;120481.1;0;0;132723.4;;;;;;;;;;;
17;28;7.5;7.75;7.62;174.4;888.4;1671.14;261052;0;74303;0;0;113447.1;;;;;;;;;;;
17;29;7.75;8;7.86;99.8;508.3;956.15;149375;0;29813.6;0;0;68746.2;;;;;;;;;;;
17;30;8;8.25;8.09;38.3;195.2;367.19;57368.9;0;15838.1;0;0;22445.7;;;;;;;;;;;
17;31;8.25;8.5;8.36;12.2;62;116.63;18229.6;0;10990.8;0;0;5174.7;;;;;;;;;;;
17;32;8.5;8.75;8.6;6.2;31.7;59.63;9310;0;4874.8;0;0;2549.8;;;;;;;;;;;
17;33;8.75;9;8.86;3.4;17.1;32.17;5024.5;0;2270.8;0;0;1384;;;;;;;;;;;
17;34;9;9.25;9.13;3.1;15.6;29.34;4573.3;0;1337.5;0;0;1109.9;;;;;;;;;;;
17;35;9.25;9.5;9.37;4.7;23.7;44.58;6977.5;0;286.2;0;0;1845.8;;;;;;;;;;;
17;36;9.5;9.75;9.62;2.9;14.6;27.46;4281.7;0;0;0;0;1668.6;;;;;;;;;;;
17;37;9.75;10;9.78;0.5;2.4;4.51;712.5;0;0;0;0;391.5;;;;;;;;;;;
18;22;6;6.25;6.19;73;371.9;699.57;109282.3;0;217664;0;0;4187.2;;;;;;;;;;;
18;23;6.25;6.5;6.39;290.4;1479.2;2782.48;434688.9;0;178207.8;0;0;308097.8;;;;;;;;;;;
18;24;6.5;6.75;6.61;107.9;549.7;1034.03;162214.6;0;126979.2;0;0;155052.5;;;;;;;;;;;
18;25;6.75;7;6.86;42.9;217.9;409.89;80336.6;0;107737.5;0;0;252409.5;;;;;;;;;;;
18;26;7;7.25;7.15;45;229.8;432.27;108902.6;0;41075.8;0;0;786480.8;;;;;;;;;;;
18;27;7.25;7.5;7.36;69.2;358.1;673.61;159498.7;0;55260;0;0;964153.1;;;;;;;;;;;
18;28;7.5;7.75;7.62;47.1;253.3;476.48;102844.9;0;15896.2;0;0;420083.2;;;;;;;;;;;
18;29;7.75;8;7.88;58.4;323.1;607.77;128013.1;0;17399.2;0;0;390995.8;;;;;;;;;;;
18;30;8;8.25;8.11;59;323.1;607.77;131419.4;0;15686.9;0;0;499697;;;;;;;;;;;
18;31;8.25;8.5;8.35;26.7;146.5;275.58;61145.9;0;6280;0;0;243135.3;;;;;;;;;;;
18;32;8.5;8.75;8.6;7.4;40.3;75.81;16863.2;0;2336.7;0;0;65984.2;;;;;;;;;;;
18;33;8.75;9;8.86;3.7;21.2;39.88;8550;0;2597.1;0;0;35961.8;;;;;;;;;;;
18;34;9;9.25;9.12;3.4;20.2;38;7817.3;0;2870.8;0;0;27862.1;;;;;;;;;;;
18;35;9.25;9.5;9.35;1.8;11.1;20.88;3699.9;0;2088.7;0;0;4688.5;;;;;;;;;;;
18;36;9.5;9.75;9.61;1.1;7.3;13.73;2238.8;0;1671.6;0;0;0;;;;;;;;;;;
18;37;9.75;10;9.9;1.5;9.8;18.43;3018.2;0;2297.9;0;0;0;;;;;;;;;;;
18;38;10;10.25;10.13;5.7;36.2;68.09;11146.6;0;7838.3;0;0;0;;;;;;;;;;;
18;39;10.25;10.5;10.37;8.4;53.4;100.45;16438.1;0;11413.2;0;0;0;;;;;;;;;;;
18;40;10.5;10.75;10.61;3.6;23;43.26;7068.5;0;4839.6;0;0;0;;;;;;;;;;;
18;41;10.75;11;10.88;2.4;15.6;29.34;4802.3;0;3341.3;0;0;0;;;;;;;;;;;
18;42;11;11.25;11.13;3.7;23.4;44.02;7207;0;5968.5;0;0;0;;;;;;;;;;;
18;43;11.25;11.5;11.38;3.6;23;43.26;7087.7;0;5370.3;0;0;36.1;;;;;;;;;;;
18;44;11.5;11.75;11.62;4.4;28.3;53.23;8711.6;0;6841.4;0;0;219.7;;;;;;;;;;;
18;45;11.75;12;11.87;3.8;24.3;45.71;7482.8;0;5288.3;0;0;782.4;;;;;;;;;;;
18;46;12;12.25;12.13;3.7;23.6;44.39;7262.5;0;4823.1;0;0;935.9;;;;;;;;;;;
18;47;12.25;12.5;12.36;3.6;23.1;43.45;7116;0;4594.2;0;0;1062.3;;;;;;;;;;;
18;48;12.5;12.75;12.62;3.5;22.3;41.95;6867.6;0;4404.9;0;0;1002.1;;;;;;;;;;;
18;49;12.75;13;12.87;3.2;20.2;38;6221.7;0;3633.2;0;0;1152.6;;;;;;;;;;;
18;50;13;13.25;13.12;3.3;20.9;39.31;6423.3;0;3280.2;0;0;1785.3;;;;;;;;;;;
18;51;13.25;13.5;13.4;3.6;22.8;42.89;7032.5;0;1763.6;0;0;3555.8;;;;;;;;;;;
18;52;13.5;13.75;13.62;7.8;50.1;94.24;15418.2;0;2053.3;0;0;9612.1;;;;;;;;;;;
18;53;13.75;14;13.87;4.1;26.4;49.66;8131.1;0;2747.9;0;0;3112.8;;;;;;;;;;;
18;54;14;14.25;14.12;3;19.3;36.3;5927.2;0;2858.2;0;0;508.6;;;;;;;;;;;
18;55;14.25;14.5;14.37;2.5;15.7;29.53;4832.3;0;2528.2;0;0;84.3;;;;;;;;;;;
18;56;14.5;14.75;14.61;1.7;10.8;20.32;3331.4;0;1739.1;0;0;0;;;;;;;;;;;
19;24;6.5;6.75;6.67;13.7;83.1;156.32;26113.8;0;840.3;0;0;7508;;;;;;;;;;;
19;25;6.75;7;6.9;45.3;294.4;553.79;94634.8;0;3555.6;0;0;69813.8;;;;;;;;;;;
19;26;7;7.25;7.14;92.4;582.5;1095.72;185422.2;0;5423.4;0;0;189193.6;;;;;;;;;;;
19;27;7.25;7.5;7.38;161.8;1001.9;1884.65;317696;0;6008.5;0;0;252504.8;;;;;;;;;;;
19;28;7.5;7.75;7.62;159.9;996.2;1873.92;315855.5;0;4939.1;0;0;257808.8;;;;;;;;;;;
19;29;7.75;8;7.86;114;700.1;1316.94;220907;0;1827.1;0;0;313638.8;;;;;;;;;;;
19;30;8;8.25;8.1;48.5;270.3;508.45;82384.9;0;1892.4;0;0;44661.9;;;;;;;;;;;
19;31;8.25;8.5;8.37;21.8;117.7;221.4;35407.4;0;707.4;0;0;10846.6;;;;;;;;;;;
19;32;8.5;8.75;8.62;16.8;89.7;168.73;26860.4;0;549.8;0;0;8501.6;;;;;;;;;;;
19;33;8.75;9;8.87;15.2;81.4;153.12;24409.4;0;671.7;0;0;6061.5;;;;;;;;;;;
19;34;9;9.25;9.13;12.4;65.9;123.96;19684.4;0;97;0;0;4045.6;;;;;;;;;;;
19;35;9.25;9.5;9.37;16.9;87.5;164.59;25878.5;0;88.6;0;0;4496.4;;;;;;;;;;;
19;36;9.5;9.75;9.61;10.3;53;99.7;15646.3;0;68.7;0;0;3232.9;;;;;;;;;;;
19;37;9.75;10;9.81;1.5;7.9;14.86;2325;0;0;0;0;335.1;;;;;;;;;;;
20;18;5;5.25;5.15;5.7;24.8;46.65;87510.6;0;20774;0;0;0;;;;;;;;;;;
20;19;5.25;5.5;5.36;5.8;25.4;47.78;89773.6;0;34757.4;0;0;0;;;;;;;;;;;
20;20;5.5;5.75;5.62;3.9;17;31.98;60081.8;0;25168.4;0;0;0;;;;;;;;;;;
20;21;5.75;6;5.87;3.4;14.7;27.65;51808.6;0;13293.7;0;0;0;;;;;;;;;;;
20;22;6;6.25;6.13;3.5;15.1;28.4;53493.6;0;7938.4;0;0;0;;;;;;;;;;;
20;23;6.25;6.5;6.41;9;39.1;73.55;138022.5;0;276031.3;0;0;0;;;;;;;;;;;
20;24;6.5;6.75;6.64;16.9;73.7;138.64;260434.5;0;391737.5;0;0;0;;;;;;;;;;;
20;25;6.75;7;6.86;16.5;72;135.44;254356.7;0;460209.3;0;0;0;;;;;;;;;;;
20;26;7;7.25;7.12;11.7;50.9;95.75;180024.1;17472.7;333619.7;0;0;0;;;;;;;;;;;
20;27;7.25;7.5;7.37;10.4;45.2;85.02;159661.3;78427.7;235622;0;0;0;;;;;;;;;;;
20;28;7.5;7.75;7.63;10.6;46.3;87.09;163637;107819;197202.1;0;0;0;;;;;;;;;;;
20;29;7.75;8;7.88;12.2;53.2;100.07;187877.2;1143;198930.3;0;0;0;;;;;;;;;;;
20;30;8;8.25;8.13;15.5;67.3;126.6;237951.4;93604.9;254257.3;0;0;0;;;;;;;;;;;
20;31;8.25;8.5;8.36;12.4;53.8;101.2;190084.6;181381;763522;0;0;0;;;;;;;;;;;
20;32;8.5;8.75;8.62;9.4;41.1;77.31;145058.9;98645.4;750503.4;0;0;0;;;;;;;;;;;
20;33;8.75;9;8.88;9;39.1;73.55;138007.9;89036.2;661008;0;0;0;;;;;;;;;;;
20;34;9;9.25;9.13;10.1;44;82.77;155487.9;86410.7;774710.2;0;0;0;;;;;;;;;;;
20;35;9.25;9.5;9.37;10.2;44.2;83.14;156207.3;82951.6;640864.7;0;0;0;;;;;;;;;;;
20;36;9.5;9.75;9.62;10.4;45.4;85.4;160477.7;0;296144.6;0;0;0;;;;;;;;;;;
20;37;9.75;10;9.88;11.9;51.7;97.25;182700.4;0;268635;0;0;0;;;;;;;;;;;
20;38;10;10.25;10.13;14;61.1;114.93;216069.7;0;195581.3;0;0;0;;;;;;;;;;;
20;39;10.25;10.5;10.38;17.9;77.8;146.35;275003.2;0;210570.4;0;0;0;;;;;;;;;;;
20;40;10.5;10.75;10.64;33;143.8;270.5;507999.2;0;768050.6;0;0;0;;;;;;;;;;;
20;41;10.75;11;10.87;31.3;136.4;256.58;482007.4;0;829492.7;0;0;0;;;;;;;;;;;
20;42;11;11.25;11.12;25.5;111;208.8;392087.6;0;834280.9;0;0;0;;;;;;;;;;;
20;43;11.25;11.5;11.38;24.2;105.1;197.7;371551;0;1006909.3;0;0;0;;;;;;;;;;;
20;44;11.5;11.75;11.62;22.1;96.1;180.77;339719.4;0;988674.7;0;0;0;;;;;;;;;;;
20;45;11.75;12;11.87;12.1;52.8;99.32;186516.2;0;244619.1;0;0;0;;;;;;;;;;;
20;46;12;12.25;12.12;10.2;44.3;83.33;156388.7;0;156358.7;0;0;0;;;;;;;;;;;
20;47;12.25;12.5;12.36;8.2;35.9;67.53;126678.5;0;81509.7;0;0;0;;;;;;;;;;;
20;48;12.5;12.75;12.59;3.7;16.1;30.29;56893.9;0;15430.1;0;0;0;;;;;;;;;;;
20;49;12.75;13;12.87;1.8;7.8;14.67;27410.7;0;2083.4;0;0;0;;;;;;;;;;;
20;50;13;13.25;13.09;1.2;5.2;9.78;18208.9;0;1453.3;0;0;0;;;;;;;;;;;
21;18;5;5.25;5.13;14.8;64.2;120.76;226972;0;126994.4;0;0;0;;;;;;;;;;;
21;19;5.25;5.5;5.37;9.3;40.4;76;142807.1;0;74165.2;0;0;0;;;;;;;;;;;
21;20;5.5;5.75;5.63;10;43.5;81.83;153634.1;0;70066.8;0;0;0;;;;;;;;;;;
21;21;5.75;6;5.87;18.3;79.6;149.73;287154;0;245248.4;0;0;0;;;;;;;;;;;
21;22;6;6.25;6.12;14.7;64;120.39;244533.4;0;266141.9;0;0;0;;;;;;;;;;;
21;23;6.25;6.5;6.37;10.5;45.6;85.78;162354.1;0;201700.6;0;0;0;;;;;;;;;;;
21;24;6.5;6.75;6.63;10.5;45.7;85.97;161586.3;0;266934.4;0;0;0;;;;;;;;;;;
21;25;6.75;7;6.85;10.3;44.8;84.27;158213.7;0;346110.7;0;0;0;;;;;;;;;;;
21;26;7;7.25;7.12;3.9;17;31.98;60195.7;0;95848.9;0;0;0;;;;;;;;;;;
21;27;7.25;7.5;7.37;3;13.2;24.83;46757.5;0;56124;0;0;0;;;;;;;;;;;
21;28;7.5;7.75;7.62;2.8;12.4;23.33;43785.2;0;175595.8;0;0;0;;;;;;;;;;;
21;29;7.75;8;7.85;1.6;6.8;12.79;24075.6;535.9;21752.1;0;0;0;;;;;;;;;;;
21;30;8;8.25;8.12;1;4.3;8.09;15247.3;17883.9;6982.1;0;0;0;;;;;;;;;;;
21;31;8.25;8.5;8.34;0.3;1.2;2.26;4398.9;9920.3;3827.2;0;0;0;;;;;;;;;;;
21;32;8.5;8.75;8.58;0.4;1.7;3.2;6074.4;7789.2;9954.8;0;0;0;;;;;;;;;;;
22;17;4.75;5;4.9;8.3;36.4;68.47;127484.2;0;32570.3;0;42029.1;0;;;;;;;;;;;
22;18;5;5.25;5.13;10.2;45.1;84.84;157871.4;0;56352.5;0;5750.2;0;;;;;;;;;;;
22;19;5.25;5.5;5.4;24.8;111.9;210.49;385986.7;0;343147.1;0;40171.4;0;;;;;;;;;;;
22;20;5.5;5.75;5.64;79.5;379.8;714.43;1265167.8;0;2519429.6;0;500793.7;0;;;;;;;;;;;
22;21;5.75;6;5.84;51;236.4;444.69;802518.1;0;790245.1;0;117586.4;0;;;;;;;;;;;
22;22;6;6.25;6.12;21.9;97.2;182.84;339222.8;0;142988.6;0;68812.7;0;;;;;;;;;;;
22;23;6.25;6.5;6.37;19.2;86;161.77;302362.7;0;220686.2;0;62828.8;0;;;;;;;;;;;
22;24;6.5;6.75;6.62;16.5;73.3;137.88;259081.9;0;90475.3;0;42520.9;0;;;;;;;;;;;
22;25;6.75;7;6.87;13.8;61.1;114.93;215432.6;0;56120.4;0;38935.6;0;;;;;;;;;;;
22;26;7;7.25;7.12;10.9;48;90.29;172028.4;0;43474.4;0;27578;0;;;;;;;;;;;
22;27;7.25;7.5;7.37;9.4;41.2;77.5;147681.4;0;37043.5;0;13127;0;;;;;;;;;;;
22;28;7.5;7.75;7.62;8.4;36.7;69.04;130669.2;0;34961;0;995.3;0;;;;;;;;;;;
22;29;7.75;8;7.87;7.6;33.4;62.83;119622.7;0;33920.5;0;0;0;;;;;;;;;;;
22;30;8;8.25;8.12;6.9;30;56.43;108427;0;33259.9;0;0;0;;;;;;;;;;;
22;31;8.25;8.5;8.38;7.4;32.4;60.95;115517.8;0;37516.2;0;0;0;;;;;;;;;;;
22;32;8.5;8.75;8.62;7.9;34.7;65.27;124711.4;0;39314;0;0;0;;;;;;;;;;;
22;33;8.75;9;8.87;6.5;28.6;53.8;104334.2;0;36298.3;0;0;0;;;;;;;;;;;
22;34;9;9.25;9.13;6.6;28.9;54.36;106337.7;0;31504.2;0;0;0;;;;;;;;;;;
22;35;9.25;9.5;9.37;7;30.5;57.37;108910.9;0;40798.1;0;0;0;;;;;;;;;;;
22;36;9.5;9.75;9.61;7.5;32.8;61.7;115439.4;0;58532;0;0;0;;;;;;;;;;;
22;37;9.75;10;9.87;5.5;24.1;45.33;84836.5;0;37846.9;0;0;0;;;;;;;;;;;
22;38;10;10.25;10.13;5.9;25.5;47.97;90199.7;0;30105.3;0;0;0;;;;;;;;;;;
22;39;10.25;10.5;10.38;7.7;33.5;63.02;118226.7;0;34269.1;0;0;0;;;;;;;;;;;
22;40;10.5;10.75;10.62;7.1;31;58.31;109415;0;19712.9;0;0;0;;;;;;;;;;;
22;41;10.75;11;10.87;6.5;28.4;53.42;100387.2;0;24033.3;0;0;0;;;;;;;;;;;
22;42;11;11.25;11.13;7.1;30.9;58.13;109227.2;0;31627.9;0;0;0;;;;;;;;;;;
22;43;11.25;11.5;11.38;8.4;36.7;69.04;129662.1;0;38891.7;0;0;0;;;;;;;;;;;
22;44;11.5;11.75;11.63;7.5;32.7;61.51;115647.3;0;60244.5;0;0;0;;;;;;;;;;;
22;45;11.75;12;11.84;6.4;28;52.67;99054.1;0;54255.9;0;0;0;;;;;;;;;;;
22;46;12;12.25;12.1;1.4;6.3;11.85;22271.3;0;8586.1;0;0;0;;;;;;;;;;;
22;47;12.25;12.5;12.33;0.6;2.6;4.89;9152.1;0;2698.7;0;0;0;;;;;;;;;;;
23;20;5.5;5.75;5.66;41.3;207.7;390.7;284351.3;0;45327.4;1467.8;0;0;;;;;;;;;;;
23;21;5.75;6;5.89;156.3;787.6;1481.53;1046507.8;0;427802.2;7386.2;0;13258.4;;;;;;;;;;;
23;22;6;6.25;6.11;117.6;591.8;1113.22;908394;0;765931.8;3059.1;0;17763.1;;;;;;;;;;;
23;23;6.25;6.5;6.38;159;802.3;1509.18;997085.4;0;1206570.3;1027;0;15920.5;;;;;;;;;;;
23;24;6.5;6.75;6.59;74.7;375.9;707.1;502240.8;0;451485.9;326;0;0;;;;;;;;;;;
23;25;6.75;7;6.87;50.1;253.1;476.1;192553.5;0;131551.3;258.4;0;0;;;;;;;;;;;
23;26;7;7.25;7.11;27.5;138.8;261.09;112439.5;0;68581.7;227.2;0;0;;;;;;;;;;;
23;27;7.25;7.5;7.37;20.6;103.6;194.88;83809.1;0;45536.9;220.3;0;0;;;;;;;;;;;
23;28;7.5;7.75;7.62;19.7;99.4;186.98;78278.9;0;41727.6;175.4;0;0;;;;;;;;;;;
23;29;7.75;8;7.88;20.7;104.6;196.76;79437.6;0;45909.3;143.2;0;0;;;;;;;;;;;
23;30;8;8.25;8.13;22.2;112;210.68;82665.9;0;53647.2;151.6;0;0;;;;;;;;;;;
23;31;8.25;8.5;8.37;22.6;114;214.44;84861.1;0;58534.6;176.6;0;0;;;;;;;;;;;
23;32;8.5;8.75;8.62;21.5;108.7;204.47;76751.5;0;47134.8;256.9;0;0;;;;;;;;;;;
23;33;8.75;9;8.87;21.5;108.8;204.66;75149.3;0;47751.2;295.2;0;0;;;;;;;;;;;
23;34;9;9.25;9.12;21.2;107.2;201.65;71678.7;0;57784.6;283.1;0;0;;;;;;;;;;;
23;35;9.25;9.5;9.38;21.3;107.6;202.4;70569.7;0;79529.8;264.2;0;0;;;;;;;;;;;
23;36;9.5;9.75;9.62;19.4;97.6;183.59;70696.5;0;47549.7;284.2;0;0;;;;;;;;;;;
23;37;9.75;10;9.87;16.8;84.7;159.33;60696.9;0;27427.7;293.8;0;0;;;;;;;;;;;
23;38;10;10.25;10.12;15.5;78.1;146.91;58153.6;0;22333.3;318.1;0;0;;;;;;;;;;;
23;39;10.25;10.5;10.37;13;65.2;122.65;51061.3;0;22319.2;391.5;0;0;;;;;;;;;;;
23;40;10.5;10.75;10.62;13.2;66.5;125.09;51924.5;0;25368.7;479.2;0;0;;;;;;;;;;;
23;41;10.75;11;10.88;12.5;63;118.51;49876.3;0;25903.2;697.9;0;0;;;;;;;;;;;
23;42;11;11.25;11.12;14.6;73.5;138.26;57350.3;0;26763.6;783;0;2274.8;;;;;;;;;;;
23;43;11.25;11.5;11.37;13.2;66.3;124.72;54508.1;0;22261.3;756.6;0;2322.6;;;;;;;;;;;
23;44;11.5;11.75;11.62;12.7;63.6;119.64;55220.2;0;23917.4;735.4;0;2386.1;;;;;;;;;;;
23;45;11.75;12;11.87;11.5;57.3;107.79;55856.2;0;26809.3;712.1;0;2463.3;;;;;;;;;;;
23;46;12;12.25;12.12;9.3;45.8;86.15;51964.8;0;24836.1;681.5;0;2575.4;;;;;;;;;;;
23;47;12.25;12.5;12.37;9;44.6;83.9;47591.4;0;20618.7;647.1;0;2688.9;;;;;;;;;;;
23;48;12.5;12.75;12.61;8.7;43;80.89;41979.1;0;17689.1;601.8;0;2876.8;;;;;;;;;;;
23;49;12.75;13;12.86;8.5;42.4;79.76;38110.8;0;15720.9;577.5;0;3080.8;;;;;;;;;;;
23;50;13;13.25;13.12;8.6;43;80.89;35062.8;0;13254.6;551.1;0;3756.4;;;;;;;;;;;
23;51;13.25;13.5;13.36;9.8;49.2;92.55;37448.4;0;11007.3;529.4;0;6131.9;;;;;;;;;;;
23;52;13.5;13.75;13.62;10.6;53.6;100.83;38125.5;0;9789.3;500.9;0;3701;;;;;;;;;;;
23;53;13.75;14;13.87;14.8;74.9;140.89;49094.1;0;11431.5;480.3;0;4135.7;;;;;;;;;;;
23;54;14;14.25;14.13;14.7;74.5;140.14;43361.5;0;9441.3;457.5;0;6813.8;;;;;;;;;;;
23;55;14.25;14.5;14.37;16.4;83.3;156.69;48282.3;0;9789.1;450.5;0;8723.5;;;;;;;;;;;
23;56;14.5;14.75;14.6;17.2;87.4;164.41;50638.9;0;17086.4;426.7;0;7625.7;;;;;;;;;;;
23;57;14.75;15;14.87;9.6;49;92.17;28359.8;0;4322.7;247.8;0;5164.2;;;;;;;;;;;
23;58;15;15.25;15.02;0.9;4.7;8.84;2707.6;0;31.7;0;0;833.7;;;;;;;;;;;
24;22;6;6.25;6.21;2.2;11;20.69;22666.4;0;169387.6;0;0;57.5;;;;;;;;;;;
24;23;6.25;6.5;6.41;88.2;444.6;836.32;294116.8;0;1514909.4;0;0;5946;;;;;;;;;;;
24;24;6.5;6.75;6.61;139.6;706.8;1329.54;465290.3;0;1382584.9;0;0;43237;;;;;;;;;;;
24;25;6.75;7;6.86;61.3;310.5;584.07;183462.5;0;348736.7;0;0;17371.7;;;;;;;;;;;
24;26;7;7.25;7.11;45.1;228.4;429.64;134402.2;0;242855.2;0;0;15251.4;;;;;;;;;;;
24;27;7.25;7.5;7.37;16;81.1;152.55;47162.9;0;107109.4;0;0;4097.5;;;;;;;;;;;
24;28;7.5;7.75;7.61;12.4;62.7;117.94;36429.7;0;85128.3;0;0;3843.3;;;;;;;;;;;
24;29;7.75;8;7.87;5.6;28.6;53.8;16664.6;0;39722.1;0;0;1084.1;;;;;;;;;;;
24;30;8;8.25;8.13;4.8;24.4;45.9;14198.7;0;31993.7;0;0;1120.3;;;;;;;;;;;
24;31;8.25;8.5;8.37;5.7;28.7;53.99;16762.3;0;36344.3;0;0;1937.7;;;;;;;;;;;
24;32;8.5;8.75;8.62;3.2;16.5;31.04;9560.8;0;22494.5;0;0;17.9;;;;;;;;;;;
24;33;8.75;9;8.88;3.4;17.4;32.73;10100.7;0;21884.8;0;0;0;;;;;;;;;;;
24;34;9;9.25;9.13;3.9;19.6;36.87;11351.1;0;20382;0;0;0;;;;;;;;;;;
24;35;9.25;9.5;9.39;5.6;28.4;53.42;16465.4;0;22451;0;0;0;;;;;;;;;;;
24;36;9.5;9.75;9.63;15.9;80.8;151.99;46769.3;0;50500.6;0;0;0;;;;;;;;;;;
24;37;9.75;10;9.88;25.3;128.6;241.91;74477.2;0;92298.7;0;0;0;;;;;;;;;;;
24;38;10;10.25;10.13;23.9;121.6;228.74;70390.6;0;81261.7;0;0;0;;;;;;;;;;;
24;39;10.25;10.5;10.37;26.6;134.9;253.76;78095.1;0;111899.3;0;0;0;;;;;;;;;;;
24;40;10.5;10.75;10.62;11.6;59;110.98;34145.7;0;22765.6;0;0;0;;;;;;;;;;;
24;41;10.75;11;10.85;8.9;45;84.65;26063.5;0;11785.1;0;0;0;;;;;;;;;;;
24;42;11;11.25;11.14;6.7;34.3;64.52;19844;0;11584.7;0;0;0;;;;;;;;;;;
24;43;11.25;11.5;11.38;12.1;61.5;115.69;35602.3;0;11230.8;0;0;0;;;;;;;;;;;
24;44;11.5;11.75;11.62;9.1;46.5;87.47;26905.6;0;5758.6;0;0;0;;;;;;;;;;;
24;45;11.75;12;11.87;9.6;49;92.17;28347.6;0;5804;0;0;0;;;;;;;;;;;
24;46;12;12.25;12.07;1.9;9.9;18.62;5725.6;0;1171.5;0;0;0;;;;;;;;;;;
25;22;6;6.25;6.19;7.4;43.5;81.83;26581.4;0;71390.9;0;0;8340.6;;;;;;;;;;;
25;23;6.25;6.5;6.4;271.8;1942.3;3653.61;409764.1;0;505874.3;0;0;247246.5;;;;;;;;;;;
25;24;6.5;6.75;6.61;576;4485.4;8437.36;467728.8;0;312314;0;0;528909.6;;;;;;;;;;;
25;25;6.75;7;6.85;56;408;767.48;65130.5;0;14048.6;0;0;120117.1;;;;;;;;;;;
25;26;7;7.25;7.08;13.5;94.9;178.51;18689.2;0;4291.1;0;0;36581.8;;;;;;;;;;;
25;27;7.25;7.5;7.37;10.7;84.6;159.14;7198.4;0;162.7;0;0;39828;;;;;;;;;;;
25;28;7.5;7.75;7.62;12.4;98;184.35;8299.5;0;162.7;0;0;34454.1;;;;;;;;;;;
25;29;7.75;8;7.87;16.5;130.3;245.1;10947.8;0;352.5;0;0;62582.7;;;;;;;;;;;
25;30;8;8.25;8.09;3.5;26.5;49.85;3273.5;0;256.4;0;0;23478.5;;;;;;;;;;;
25;31;8.25;8.5;8.35;2.7;19.3;36.3;3439.6;0;477;0;0;32841.5;;;;;;;;;;;
26;18;5;5.25;5.15;2.9;14.3;26.9;46646.9;0;208486.1;0;0;0;;;;;;;;;;;
26;19;5.25;5.5;5.41;11.5;56.8;106.84;184878;0;676193.6;0;0;0;;;;;;;;;;;
26;20;5.5;5.75;5.63;35.7;176.8;332.57;575960;0;1831740;0;0;0;;;;;;;;;;;
26;21;5.75;6;5.87;64.9;321.5;604.76;1047359;0;3416244.8;0;0;0;;;;;;;;;;;
26;22;6;6.25;6.07;13.8;68.2;128.29;222230.2;0;749494.9;0;0;0;;;;;;;;;;;
26;23;6.25;6.5;6.36;3.5;17.3;32.54;56227.7;0;196234.5;0;0;0;;;;;;;;;;;
26;24;6.5;6.75;6.61;2;10.1;19;32899.9;0;84453.2;0;0;0;;;;;;;;;;;
26;25;6.75;7;6.86;1;5.1;9.59;16476.9;0;31963.6;0;0;0;;;;;;;;;;;
26;26;7;7.25;7.12;0.8;4;7.52;13184.5;0;12508;0;0;0;;;;;;;;;;;
26;27;7.25;7.5;7.37;0.8;3.9;7.34;12772.7;0;2781.4;0;0;0;;;;;;;;;;;
26;28;7.5;7.75;7.62;0.6;2.8;5.27;9043.9;0;1038.2;0;0;0;;;;;;;;;;;
26;29;7.75;8;7.87;0.5;2.3;4.33;7419.3;0;832.9;0;0;0;;;;;;;;;;;
26;30;8;8.25;8.12;0.4;1.9;3.57;6351.1;0;669.4;0;0;0;;;;;;;;;;;
26;31;8.25;8.5;8.38;0.5;2.4;4.51;7929.2;0;836.2;0;0;0;;;;;;;;;;;
26;32;8.5;8.75;8.61;0.3;1.5;2.82;4853;0;477.4;0;0;0;;;;;;;;;;;
26;33;8.75;9;8.86;0.1;0.6;1.13;1805;0;166.6;0;0;0;;;;;;;;;;;
27;16;4.5;4.75;4.71;1.3;6.5;12.23;21068.9;0;87606.8;0;0;0;;;;;;;;;;;
27;17;4.75;5;4.86;6.2;30.9;58.13;100693.1;0;390180.3;0;0;0;;;;;;;;;;;
27;18;5;5.25;5.15;3.6;17.9;33.67;58119.4;0;203176.7;0;6109.5;0;;;;;;;;;;;
27;19;5.25;5.5;5.42;39.3;194.4;365.68;631414.8;0;4150293.9;0;51929.8;0;;;;;;;;;;;
27;20;5.5;5.75;5.6;54.3;269;506.01;870693.9;0;4371335.8;0;33721.4;0;;;;;;;;;;;
27;21;5.75;6;5.84;12.5;61.5;115.69;182059.4;0;684383;0;25396.1;0;;;;;;;;;;;
27;22;6;6.25;6.12;9.7;46.9;88.22;92272;0;506751.3;0;26613.4;0;;;;;;;;;;;
27;23;6.25;6.5;6.36;10.5;50.1;94.24;71097;0;455002.4;0;18801.5;0;;;;;;;;;;;
27;24;6.5;6.75;6.63;15.7;73.7;138.64;55665;0;425209;0;32042;0;;;;;;;;;;;
27;25;6.75;7;6.87;26.7;124.8;234.76;65591.1;0;624973.4;0;16493.9;0;;;;;;;;;;;
27;26;7;7.25;7.11;32.2;150.2;282.54;53224.9;0;583924.1;0;3991.1;0;;;;;;;;;;;
27;27;7.25;7.5;7.34;6.6;30.9;58.13;14849.4;0;132138.9;0;2402.2;0;;;;;;;;;;;
27;28;7.5;7.75;7.6;4.5;21.1;39.69;9974.5;0;89784.6;0;245.9;0;;;;;;;;;;;
27;29;7.75;8;7.84;7.2;33.6;63.2;10679.9;0;107672.4;0;0;0;;;;;;;;;;;
27;30;8;8.25;8.1;7.3;34.1;64.14;10260.9;0;103166.6;0;0;0;;;;;;;;;;;
27;31;8.25;8.5;8.34;7;32.4;60.95;9697.4;0;96792.3;0;0;0;;;;;;;;;;;
27;32;8.5;8.75;8.6;10.8;50.3;94.62;14171.4;0;146325.1;0;0;0;;;;;;;;;;;
27;33;8.75;9;8.84;9;42.1;79.19;13366.9;0;127077;0;0;0;;;;;;;;;;;
27;34;9;9.25;9.09;5.3;24.7;46.46;11592.7;0;86592.5;0;0;0;;;;;;;;;;;
27;35;9.25;9.5;9.35;3.6;16.9;31.79;11842.2;0;70410;0;0;0;;;;;;;;;;;
27;36;9.5;9.75;9.63;3.2;15.1;28.4;15088.5;0;74508.9;0;0;0;;;;;;;;;;;
27;37;9.75;10;9.84;3.4;15.9;29.91;14838.6;0;79016.5;0;0;0;;;;;;;;;;;
27;38;10;10.25;10.13;0.5;2.5;4.7;534.7;0;7213.3;0;0;0;;;;;;;;;;;
28;15;4.25;4.5;4.37;24.2;128.8;242.28;19834.6;0;86787.9;0;1887.7;0;;;;;;;;;;;
28;16;4.5;4.75;4.63;25.8;132.9;249.99;27124.4;0;172739.7;0;2048.4;0;;;;;;;;;;;
28;17;4.75;5;4.88;33.3;169.6;319.03;40066.9;0;276736.9;0;2490.1;0;;;;;;;;;;;
28;18;5;5.25;5.15;63.1;326.8;614.73;85947.8;0;681359;0;3368.3;0;;;;;;;;;;;
28;19;5.25;5.5;5.42;725.2;3808;7163.12;1003012.9;0;6977816.2;0;17602.6;0;;;;;;;;;;;
28;20;5.5;5.75;5.61;916.1;4739.2;8914.78;1271302.9;0;9141588.3;0;11193.2;0;;;;;;;;;;;
28;21;5.75;6;5.86;541.4;2813.3;5292.02;599243.4;0;4487957.3;0;10508.1;0;;;;;;;;;;;
28;22;6;6.25;6.11;365.9;1850.7;3481.3;298428;0;2049364.7;0;7611.1;0;;;;;;;;;;;
28;23;6.25;6.5;6.37;239.5;1196.9;2251.46;183309.8;0;1399557.1;0;5253.1;0;;;;;;;;;;;
28;24;6.5;6.75;6.63;277.3;1343.8;2527.78;191046.7;0;1420920.4;0;7486;0;;;;;;;;;;;
28;25;6.75;7;6.88;358.4;1748.5;3289.05;240495.4;0;1781616.4;0;29689;0;;;;;;;;;;;
28;26;7;7.25;7.11;324;1591.1;2992.97;224616;0;1521299.8;0;35636.3;0;;;;;;;;;;;
28;27;7.25;7.5;7.37;185.5;874.5;1645;135922;0;481985.6;0;39361.1;0;;;;;;;;;;;
28;28;7.5;7.75;7.62;142.1;655.1;1232.29;110394.1;0;190848.6;0;53678.6;0;;;;;;;;;;;
28;29;7.75;8;7.89;212.4;971.4;1827.27;168103.8;0;146944.5;0;135454.7;0;;;;;;;;;;;
28;30;8;8.25;8.13;318.6;1443.3;2714.95;230264.7;0;203827.9;0;220379.3;0;;;;;;;;;;;
28;31;8.25;8.5;8.37;319.3;1449.6;2726.8;237225.5;0;181596.3;0;316656.2;0;;;;;;;;;;;
28;32;8.5;8.75;8.62;298.9;1359.1;2556.57;227175.4;0;201633;0;451202;0;;;;;;;;;;;
28;33;8.75;9;8.86;160.7;735.2;1382.96;131603.6;0;140441.2;0;277995.2;0;;;;;;;;;;;
28;34;9;9.25;9.1;57.4;266;500.37;53998.3;0;63909.5;0;133943.3;0;;;;;;;;;;;
28;35;9.25;9.5;9.35;15.3;70.8;133.18;13917.3;0;18056.4;0;30554;0;;;;;;;;;;;
28;36;9.5;9.75;9.62;8.9;41;77.12;7959.7;0;16858.2;0;20278.1;0;;;;;;;;;;;
28;37;9.75;10;9.84;4.7;21.7;40.82;4360.3;0;9035.1;0;15757;0;;;;;;;;;;;
28;38;10;10.25;10.1;1.5;6.9;12.98;1425.7;0;3.2;0;7057.3;0;;;;;;;;;;;
28;39;10.25;10.5;10.35;1.1;5.1;9.59;1065.9;0;0;0;5362.6;0;;;;;;;;;;;
28;40;10.5;10.75;10.6;0.8;3.6;6.77;745.7;0;0;0;3670.7;0;;;;;;;;;;;
29;21;5.75;6;5.89;88.5;475.8;895.01;35903.6;0;297214.7;4962.1;11070.7;0;;;;;;;;;;;
29;22;6;6.25;6.14;403.1;2122.5;3992.58;160239.3;0;1424747;5820.8;140818.2;0;;;;;;;;;;;
29;23;6.25;6.5;6.36;422.9;2269;4268.15;170894;0;1234000.5;26792.6;330781.3;0;;;;;;;;;;;
29;24;6.5;6.75;6.64;483.4;2545.3;4787.89;188948.7;0;1247391.9;92557.5;443644.2;0;;;;;;;;;;;
29;25;6.75;7;6.86;601;3286.1;6181.39;240110.1;0;1510259.2;189858;629247.9;0;;;;;;;;;;;
29;26;7;7.25;7.1;275.2;1511.3;2842.86;109261.4;0;312475.8;92239.9;461636.7;0;;;;;;;;;;;
29;27;7.25;7.5;7.37;126.1;686.7;1291.73;49994.5;0;123070.5;30779.9;140527.2;0;;;;;;;;;;;
29;28;7.5;7.75;7.61;86.6;475.4;894.26;34652.4;0;103606.9;90.7;122832.9;0;;;;;;;;;;;
29;29;7.75;8;7.87;49.7;270.2;508.27;19721.3;0;88781.3;0;54174.7;0;;;;;;;;;;;
29;30;8;8.25;8.12;39.7;220.4;414.59;16039.3;0;66055.7;0;44240.4;0;;;;;;;;;;;
29;31;8.25;8.5;8.37;45.4;258.9;487.01;18763;0;90576.5;0;95625;0;;;;;;;;;;;
29;32;8.5;8.75;8.63;22.1;125.9;236.83;9129.2;0;41473.1;0;41898.1;0;;;;;;;;;;;
29;33;8.75;9;8.88;22.1;125.8;236.64;9117;0;35883.3;0;24791.3;0;;;;;;;;;;;
29;34;9;9.25;9.07;13.1;74.8;140.7;5419.4;0;27884.3;0;7633.2;0;;;;;;;;;;;
30;22;6;6.25;6.21;7.6;41.6;78.25;2844.9;0;23260.3;0;740.9;0;;;;;;;;;;;
30;23;6.25;6.5;6.41;251.1;1378.7;2593.43;94297.1;0;672579.5;3264.6;34704.5;0;;;;;;;;;;;
30;24;6.5;6.75;6.6;326.9;1794.7;3375.96;122750.4;0;600268.5;6466.9;90853.6;0;;;;;;;;;;;
30;25;6.75;7;6.88;109.3;601.7;1131.84;45814.1;0;63688.8;4916.5;27889.8;178.2;;;;;;;;;;;
30;26;7;7.25;7.12;83.3;468.9;882.03;62361.3;0;21045;14361.3;15689;761;;;;;;;;;;;
30;27;7.25;7.5;7.36;36;194.7;366.24;42017.1;0;1371.8;8190.1;4283.1;1628.5;;;;;;;;;;;
30;28;7.5;7.75;7.6;5.2;26.9;50.6;7500.2;0;432.4;709.1;266.2;480.6;;;;;;;;;;;
30;29;7.75;8;7.86;1.8;9.3;17.49;2752.6;0;1042.4;67.8;0;127.6;;;;;;;;;;;
31;24;6.5;6.75;6.68;102.6;568.5;1069.39;66469.4;0;18435.1;54.3;63573.1;102418.7;;;;;;;;;;;
31;25;6.75;7;6.9;429.4;2450.5;4609.57;383589.4;0;172.2;2860.3;191788.1;881245.1;;;;;;;;;;;
31;26;7;7.25;7.13;640.7;3713.6;6985.55;749642.2;0;858730.1;18512.6;207144.4;1720522.6;;;;;;;;;;;
31;27;7.25;7.5;7.36;463;2581.6;4856.18;556799.1;0;284118.8;7523.7;226628.1;987441;;;;;;;;;;;
31;28;7.5;7.75;7.62;232.4;1277.4;2402.88;306276.3;0;27458.9;5616.6;56950.7;377634;;;;;;;;;;;
31;29;7.75;8;7.85;96.4;535.1;1006.56;139033.5;0;646.7;654.3;13492.5;127964.1;;;;;;;;;;;
31;30;8;8.25;8.09;31.5;167.7;315.46;38404.8;0;0;9.5;9001.5;42846.8;;;;;;;;;;;
31;31;8.25;8.5;8.37;16;88.2;165.91;22929.2;0;0;1.4;1695.6;29970.1;;;;;;;;;;;
31;32;8.5;8.75;8.62;17.4;96.5;181.52;26941.3;0;0;0;795.4;33534.5;;;;;;;;;;;
31;33;8.75;9;8.85;9.9;56.6;106.47;16220.9;0;0;0;459.8;31264.8;;;;;;;;;;;
31;34;9;9.25;9.11;6.1;35.6;66.97;10633.5;0;0;0;357;25687.5;;;;;;;;;;;
31;35;9.25;9.5;9.37;4.1;22.3;41.95;6668.7;0;0;0;144.3;9296.5;;;;;;;;;;;
31;36;9.5;9.75;9.62;5.3;27.7;52.11;8247.7;0;0;0;0;8849.4;;;;;;;;;;;
31;37;9.75;10;9.79;0.7;3.7;6.96;1078.1;0;0;0;0;153.6;;;;;;;;;;;
32;22;6;6.25;6.17;54.7;300.3;564.89;20538.8;0;27161.9;8.1;1211.9;0;;;;;;;;;;;
32;23;6.25;6.5;6.4;255.1;1400.9;2635.19;95811;0;353465.3;5764.6;690.8;0;;;;;;;;;;;
32;24;6.5;6.75;6.62;371;2037;3831.74;139317;0;415104.6;13088.6;10435.1;0;;;;;;;;;;;
32;25;6.75;7;6.87;347.2;1906.3;3585.89;130383.7;0;75508.6;11760.1;81116.7;0;;;;;;;;;;;
32;26;7;7.25;7.1;138.8;762.2;1433.75;52132.5;0;30368;6688.1;20379.6;0;;;;;;;;;;;
32;27;7.25;7.5;7.36;47.7;261.9;492.65;17914.3;0;4237.7;145.9;3457.3;0;;;;;;;;;;;
32;28;7.5;7.75;7.6;21;115.4;217.08;7894.5;0;1160.3;0;828.1;0;;;;;;;;;;;
32;29;7.75;8;7.85;9.9;54.6;102.71;3732.6;0;470.6;0;420.2;0;;;;;;;;;;;
32;30;8;8.25;8.05;1.7;9.5;17.87;653;0;37.6;0;122.6;0;;;;;;;;;;;
33;19;5.25;5.5;5.42;73.3;432;812.62;51947.1;0;463813;53907.3;85845;0;;;;;;;;;;;
33;20;5.5;5.75;5.64;271.8;1619.6;3046.58;195031.7;0;1717222.2;107945.7;283993.6;0;;;;;;;;;;;
33;21;5.75;6;5.87;416.2;2445.9;4600.91;276803.2;0;2168621.5;115587.3;625626.3;0;;;;;;;;;;;
33;22;6;6.25;6.13;476.2;2711.6;5100.72;287767.7;0;1199893.6;514339.4;892561.1;0;;;;;;;;;;;
33;23;6.25;6.5;6.38;534.9;3080.6;5794.83;330326;0;1077282.9;1548101;383074.5;145.5;;;;;;;;;;;
33;24;6.5;6.75;6.63;563.6;3219;6055.17;315119;0;1043264.5;1181931.4;429026.6;710.9;;;;;;;;;;;
33;25;6.75;7;6.88;777.6;4378.4;8236.09;410268.9;0;1012696.2;949637.6;1114055.2;18880.2;;;;;;;;;;;
33;26;7;7.25;7.13;847.8;4627;8703.72;493229.1;0;339720.7;508298.8;2955730.3;55297.4;;;;;;;;;;;
33;27;7.25;7.5;7.35;552.4;2868.7;5396.23;317003.5;0;124121.9;360096.6;1768639.1;162249.7;;;;;;;;;;;
33;28;7.5;7.75;7.6;219.2;1103.4;2075.58;121432.6;0;36665.4;205635.5;514048.7;12715.4;;;;;;;;;;;
33;29;7.75;8;7.85;74.4;362.9;682.64;38787.8;0;19350.4;72298.1;140408.8;1860.8;;;;;;;;;;;
33;30;8;8.25;8.09;28.3;139.2;261.85;15254.3;0;11110.7;15141.2;63687.3;621.9;;;;;;;;;;;
33;31;8.25;8.5;8.34;7.4;38.3;72.05;4246.4;0;4429.7;5246.2;22834.8;0;;;;;;;;;;;
33;32;8.5;8.75;8.57;4.2;22.6;42.51;2579.4;0;2537.6;852.5;16500.1;0;;;;;;;;;;;
33;33;8.75;9;8.82;2.3;12.1;22.76;1392.7;0;2693.6;0;4580.8;0;;;;;;;;;;;
33;34;9;9.25;9.07;1.9;10.3;19.38;1212.4;0;4052.9;0;3043;0;;;;;;;;;;;
33;35;9.25;9.5;9.31;1.1;6.1;11.47;720.6;0;1818.8;0;2369.4;0;;;;;;;;;;;
34;21;5.75;6;5.89;17.3;88.5;166.47;25066.2;0;5411.8;0;0;0;;;;;;;;;;;
34;22;6;6.25;6.15;58.6;305.1;573.92;80616.5;0;58746.4;0;0;0;;;;;;;;;;;
34;23;6.25;6.5;6.39;194.2;1071.6;2015.76;209099.1;0;270149.7;0;0;0;;;;;;;;;;;
34;24;6.5;6.75;6.62;257.1;1470.6;2766.3;227618.7;0;231868.5;450.3;0;0;;;;;;;;;;;
34;25;6.75;7;6.86;167.6;966.6;1818.24;145014.3;0;114026.1;708;0;0;;;;;;;;;;;
34;26;7;7.25;7.12;93.8;546.3;1027.63;76023.8;0;76812;800.2;0;0;;;;;;;;;;;
34;27;7.25;7.5;7.31;22.9;132.3;248.87;17029;0;19382.2;865.3;0;0;;;;;;;;;;;
34;28;7.5;7.75;7.62;2.6;13.1;24.64;3634.5;0;1307.3;278.3;0;0;;;;;;;;;;;
34;29;7.75;8;7.87;2.6;13.5;25.39;3920.1;0;2243.5;69.2;0;0;;;;;;;;;;;
34;30;8;8.25;8.08;0.8;3.9;7.34;1125;0;762.4;0;0;0;;;;;;;;;;;
35;20;5.5;5.75;5.44;1.3;6.6;12.42;1937.6;0;371.6;0;0;18.4;;;;;;;;;;;
35;21;5.75;6;5.83;1.9;9.7;18.25;2873.9;0;509.2;0;0;232;;;;;;;;;;;
35;22;6;6.25;6.16;16.3;83.4;156.88;24516.2;0;2240.3;0;0;6905.1;;;;;;;;;;;
35;23;6.25;6.5;6.4;65.6;334.6;629.41;98423;0;9974.1;0;0;19656.8;;;;;;;;;;;
35;24;6.5;6.75;6.66;284.8;1452.2;2731.69;458736.8;0;30298.3;0;0;545184.7;;;;;;;;;;;
35;25;6.75;7;6.88;457.6;2504;4710.21;834626.6;0;242734.1;0;0;1581004.2;;;;;;;;;;;
35;26;7;7.25;7.12;340.7;1802.5;3390.63;637131.5;0;158106.9;0;0;1196370.1;;;;;;;;;;;
35;27;7.25;7.5;7.37;356.6;1849.6;3479.23;627130.9;0;54322.4;0;0;883178.2;;;;;;;;;;;
35;28;7.5;7.75;7.62;226.4;1194.3;2246.56;418870.2;0;31126.8;0;0;1022809.3;;;;;;;;;;;
35;29;7.75;8;7.86;120;654.6;1231.35;241502;0;20418.3;0;0;623200.6;;;;;;;;;;;
35;30;8;8.25;8.11;58.1;320.1;602.13;124332.1;0;16026.4;0;0;488169.1;;;;;;;;;;;
35;31;8.25;8.5;8.37;38.4;217.4;408.95;72309.2;0;19429.3;0;0;226095.6;;;;;;;;;;;
35;32;8.5;8.75;8.61;21.6;125.6;236.26;39103;0;8761.8;0;0;112167;;;;;;;;;;;
35;33;8.75;9;8.88;14.4;86.2;162.15;29339.9;0;8032.4;0;0;64359.7;;;;;;;;;;;
35;34;9;9.25;9.12;19.4;120.9;227.42;39495;0;9193.4;0;0;40182.4;;;;;;;;;;;
35;35;9.25;9.5;9.37;18.1;113.8;214.07;35773.5;0;8396.5;0;0;3004.2;;;;;;;;;;;
35;36;9.5;9.75;9.62;12.8;80.7;151.8;25649.1;0;6340.9;0;0;260.3;;;;;;;;;;;
35;37;9.75;10;9.87;10.1;63.7;119.82;20461.3;0;5861;0;0;0;;;;;;;;;;;
35;38;10;10.25;10.12;6.7;42.1;79.19;13483;0;3944.9;0;0;0;;;;;;;;;;;
35;39;10.25;10.5;10.38;6.3;39.8;74.87;12645.1;0;3224;0;0;0;;;;;;;;;;;
35;40;10.5;10.75;10.64;9.2;58.9;110.8;18260;0;3022.2;0;0;0;;;;;;;;;;;
35;41;10.75;11;10.86;14.6;93;174.94;28661.1;0;4057.3;0;0;0;;;;;;;;;;;
35;42;11;11.25;11.11;5.4;34.7;65.27;10696.3;0;2193.3;0;0;0;;;;;;;;;;;
35;43;11.25;11.5;11.38;4.7;30.1;56.62;9300.9;0;2242.2;0;0;0;;;;;;;;;;;
35;44;11.5;11.75;11.62;3.2;20.4;38.37;6288.6;0;1815.7;0;0;0;;;;;;;;;;;
35;45;11.75;12;11.87;3.8;24.1;45.33;7442.2;0;2166.4;0;0;0;;;;;;;;;;;
35;46;12;12.25;12.12;3.5;22.5;42.32;6938.3;0;2036.7;0;0;0;;;;;;;;;;;
35;47;12.25;12.5;12.38;3.1;19.9;37.43;6122.7;0;1844.4;0;0;0;;;;;;;;;;;
35;48;12.5;12.75;12.63;5;31.7;59.63;9761;0;2807.8;0;0;0;;;;;;;;;;;
35;49;12.75;13;12.87;7.5;47.7;89.73;14679.7;0;4353.3;0;0;0;;;;;;;;;;;
35;50;13;13.25;13.14;10.1;64.7;121.71;19913.2;0;6256.8;0;0;0;;;;;;;;;;;
35;51;13.25;13.5;13.38;12.1;77.2;145.22;23764.4;0;7881.9;0;0;0;;;;;;;;;;;
35;52;13.5;13.75;13.62;5.7;36.2;68.09;11158.1;0;4970;0;0;0;;;;;;;;;;;
35;53;13.75;14;13.86;5.4;34.3;64.52;10543.4;0;5508.9;0;0;0;;;;;;;;;;;
35;54;14;14.25;14.13;4.5;29;54.55;8924.2;0;4783.4;0;0;0;;;;;;;;;;;
35;55;14.25;14.5;14.39;5.9;37.9;71.29;11664.3;0;6278.3;0;0;0;;;;;;;;;;;
35;56;14.5;14.75;14.6;6;38.3;72.05;11779.3;0;6334.7;0;0;0;;;;;;;;;;;
35;57;14.75;15;14.83;0.7;4.3;8.09;1317.5;0;659.2;0;0;0;;;;;;;;;;;
36;21;5.75;6;5.79;15.5;120.6;226.86;10405.6;0;1374.3;0;0;139.1;;;;;;;;;;;
36;22;6;6.25;6.17;278;2204.1;4146.07;174986.1;0;15735;0;0;6492;;;;;;;;;;;
36;23;6.25;6.5;6.39;612;4820.2;9067.14;494138.1;0;49371.8;0;0;43592.3;;;;;;;;;;;
36;24;6.5;6.75;6.62;1078.9;8476.6;15945.1;873910.4;0;171770.2;0;0;273327.4;;;;;;;;;;;
36;25;6.75;7;6.86;460.6;3551.6;6680.82;313264.1;0;36131.8;0;0;185717.5;;;;;;;;;;;
36;26;7;7.25;7.11;249.9;1884.4;3544.69;171750.1;0;23676.6;0;0;65927.2;;;;;;;;;;;
36;27;7.25;7.5;7.34;86.7;652.8;1227.96;57283;0;7344;0;0;45890.8;;;;;;;;;;;
36;28;7.5;7.75;7.62;30;238;447.7;18748.7;0;991.8;0;0;58703.6;;;;;;;;;;;
36;29;7.75;8;7.86;30.9;245.9;462.56;19196;0;662.4;0;0;72938.2;;;;;;;;;;;
36;30;8;8.25;8.12;21.9;174;327.31;13581.9;0;176.9;0;0;37128.3;;;;;;;;;;;
36;31;8.25;8.5;8.36;17.8;141.7;266.55;11080.2;0;362.2;0;0;37721;;;;;;;;;;;
36;32;8.5;8.75;8.58;4.7;37.2;69.98;2929.1;0;102.2;0;0;13442.4;;;;;;;;;;;
36;33;8.75;9;8.87;1.7;13.5;25.39;1048.6;0;65.2;0;0;2964.7;;;;;;;;;;;
36;34;9;9.25;9.13;1.7;13.9;26.15;1082.8;0;47.6;0;0;4260.2;;;;;;;;;;;
37;14;4;4.25;4.14;22.4;128.1;240.97;10228.5;0;139104.4;0;0;0;;;;;;;;;;;
37;15;4.25;4.5;4.36;16.1;92.3;173.62;8088.7;0;105268.9;0;0;0;;;;;;;;;;;
37;16;4.5;4.75;4.62;11.4;65.5;123.21;5731.7;0;75774.5;0;0;0;;;;;;;;;;;
37;17;4.75;5;4.86;9.2;53.1;99.88;5026.4;0;66723.1;0;0;0;;;;;;;;;;;
37;18;5;5.25;5.1;8.9;51.1;96.12;5303;0;70311.9;0;0;0;;;;;;;;;;;
37;19;5.25;5.5;5.37;12.8;73.9;139.01;7869.5;0;104715.4;0;421.7;0;;;;;;;;;;;
37;20;5.5;5.75;5.65;42;241.2;453.71;23871.7;0;311584.3;0;5120.9;0;;;;;;;;;;;
37;21;5.75;6;5.89;149.9;859.5;1616.78;78188.7;0;1001472.1;0;33255.9;0;;;;;;;;;;;
37;22;6;6.25;6.12;248.2;1420.4;2671.88;119169.4;0;1468005.9;0;100490.5;0;;;;;;;;;;;
37;23;6.25;6.5;6.37;141.7;811.9;1527.24;71286.1;0;902749.6;0;43557.9;0;;;;;;;;;;;
37;24;6.5;6.75;6.63;176.9;1012.8;1905.15;86054.7;0;1153309.1;0;21447.6;0;;;;;;;;;;;
37;25;6.75;7;6.88;165;952.1;1790.97;106531.1;0;1424230.2;0;21236.8;0;;;;;;;;;;;
37;26;7;7.25;7.11;123.5;720;1354.37;106030.2;0;1344235.8;0;25273.2;0;;;;;;;;;;;
37;27;7.25;7.5;7.34;32.2;185.8;349.5;21080.7;0;234014.6;0;20664.4;0;;;;;;;;;;;
37;28;7.5;7.75;7.62;34.6;197.2;370.95;14639.2;0;65996.3;0;76964.4;0;;;;;;;;;;;
37;29;7.75;8;7.85;7.4;42;79.01;3140.3;0;18705.4;0;14293.9;0;;;;;;;;;;;
37;30;8;8.25;8.12;4.4;25;47.03;1813.8;0;5543;0;11055.2;0;;;;;;;;;;;
37;31;8.25;8.5;8.38;4.3;24.4;45.9;1768.7;0;335.9;0;13360.6;0;;;;;;;;;;;
37;32;8.5;8.75;8.6;3.4;19.6;36.87;1423.7;0;0;0;11085.3;0;;;;;;;;;;;
37;33;8.75;9;8.87;3.2;18.5;34.8;1342.3;0;0;0;11296.1;0;;;;;;;;;;;
38;18;5;5.25;5.14;14.2;85.1;160.08;9994.5;0;39854.8;0;0;0;;;;;;;;;;;
38;19;5.25;5.5;5.4;33;197.1;370.76;22764.6;0;82302.5;0;0;0;;;;;;;;;;;
38;20;5.5;5.75;5.65;187.8;1121.5;2109.62;130344.1;0;268221.7;0;7.3;0;;;;;;;;;;;
38;21;5.75;6;5.89;482.8;2882;5421.25;337463.7;0;690506.5;0;489.7;0;;;;;;;;;;;
38;22;6;6.25;6.13;720.5;4291.8;8073.19;497452.4;0;870225.3;0;1459.6;0;;;;;;;;;;;
38;23;6.25;6.5;6.37;573.4;3432.4;6456.59;385346.4;0;659924.2;0;3659.4;0;;;;;;;;;;;
38;24;6.5;6.75;6.62;506.5;3058.6;5753.45;340838.2;0;515629.6;0;1957.6;0;;;;;;;;;;;
38;25;6.75;7;6.86;293.6;1806.9;3398.91;178008.2;0;181568.2;0;13203.1;0;;;;;;;;;;;
38;26;7;7.25;7.13;247.5;1473.2;2771.2;146704.2;0;278340.5;0;19417.6;0;;;;;;;;;;;
38;27;7.25;7.5;7.34;120.7;698.9;1314.68;60544.3;0;78786.2;0;38955.2;0;;;;;;;;;;;
38;28;7.5;7.75;7.61;68.4;390.3;734.18;28376.9;0;34218.8;0;21335.4;0;;;;;;;;;;;
38;29;7.75;8;7.87;31.6;180.4;339.35;13078.8;0;30783.5;0;5183.7;0;;;;;;;;;;;
38;30;8;8.25;8.13;35.9;204.9;385.43;14849.6;0;49453.2;0;25543.4;0;;;;;;;;;;;
38;31;8.25;8.5;8.34;27.9;159.2;299.47;11541;0;44378.1;0;34336.6;0;;;;;;;;;;;
38;32;8.5;8.75;8.56;1.5;8.7;16.37;633.6;0;3737.8;0;95.5;0;;;;;;;;;;;
39;19;5.25;5.5;5.43;134;763.8;1436.76;70308.7;0;540180.4;0;0;0;;;;;;;;;;;
39;20;5.5;5.75;5.61;387.2;2206.3;4150.21;210151.6;0;1896267.9;0;0;0;;;;;;;;;;;
39;21;5.75;6;5.87;163.7;933.3;1755.6;74116.9;0;467072;0;0;0;;;;;;;;;;;
39;22;6;6.25;6.11;119.9;684.1;1286.84;51229.7;0;233643.3;0;0;0;;;;;;;;;;;
39;23;6.25;6.5;6.36;70.3;401.3;754.87;29468.2;0;233044.8;0;0;0;;;;;;;;;;;
39;24;6.5;6.75;6.63;95.4;544.6;1024.43;39690.8;0;465250.1;0;783.2;0;;;;;;;;;;;
39;25;6.75;7;6.88;105.6;602.6;1133.53;43877.3;0;472014.7;0;35037.3;0;;;;;;;;;;;
39;26;7;7.25;7.13;78.7;449.7;845.92;33093.4;0;234977.4;0;100824.5;0;;;;;;;;;;;
39;27;7.25;7.5;7.37;133.9;763.7;1436.57;55497.2;0;131740.1;0;334634.7;0;;;;;;;;;;;
39;28;7.5;7.75;7.61;99.8;569.1;1070.52;41247.8;0;57009.8;0;267304.6;0;;;;;;;;;;;
39;29;7.75;8;7.86;22.5;128.1;240.97;9286.6;0;9273;0;58053.2;0;;;;;;;;;;;
39;30;8;8.25;8.13;23.7;135;253.94;9787;0;35814.9;0;30002.6;0;;;;;;;;;;;
39;31;8.25;8.5;8.37;39.8;227;427;16455.8;0;83310.8;0;22280.7;0;;;;;;;;;;;
39;32;8.5;8.75;8.62;44.2;252;474.03;18264.1;0;71636.4;0;49846.3;0;;;;;;;;;;;
39;33;8.75;9;8.86;25.2;143.8;270.5;10424.5;0;25591.8;0;46793.4;0;;;;;;;;;;;
39;34;9;9.25;9.08;12;68.4;128.67;4960;0;22078.2;0;10024.7;0;;;;;;;;;;;
40;21;5.75;6;5.91;70.3;556.9;1047.57;53535.2;0;7102.2;0;0;0;;;;;;;;;;;
40;22;6;6.25;6.15;156.6;1235.7;2324.44;147933.4;0;17769.8;0;0;0;;;;;;;;;;;
40;23;6.25;6.5;6.39;300.7;2340.3;4402.27;449115.3;0;55544.5;0;0;0;;;;;;;;;;;
40;24;6.5;6.75;6.61;208.8;1643.5;3091.54;217504.3;0;42847.1;0;0;0;;;;;;;;;;;
40;25;6.75;7;6.86;122;964.5;1814.29;106103.7;0;36738.1;0;0;0;;;;;;;;;;;
40;26;7;7.25;7.11;47.7;365.1;686.78;45263.1;0;10625.5;0;0;0;;;;;;;;;;;
40;27;7.25;7.5;7.36;14.1;94.9;178.51;20391;0;3910.6;0;0;0;;;;;;;;;;;
40;28;7.5;7.75;7.63;2.6;17.9;33.67;15573.1;0;3802.5;0;0;0;;;;;;;;;;;
40;29;7.75;8;7.85;1.4;9.3;17.49;11096.2;0;2758.7;0;0;0;;;;;;;;;;;
40;30;8;8.25;8.13;0.7;4.5;8.46;4421.6;0;1028.5;0;0;0;;;;;;;;;;;
40;31;8.25;8.5;8.34;0.5;3.9;7.34;2129.9;0;329.4;0;0;0;;;;;;;;;;;
40;32;8.5;8.75;8.6;0.5;3.6;6.77;706.1;0;61.5;0;0;0;;;;;;;;;;;
41;15;4.25;4.5;4.41;0.9;5.2;97.8;2634.9;0;21231.4;0;0;0;;;;;;;;;;;
41;16;4.5;4.75;4.64;1.7;9.7;182.5;10331.9;0;75504.5;0;0;0;;;;;;;;;;;
41;17;4.75;5;4.89;2.3;12.5;235.1;16921.8;0;89744.7;0;0;0;;;;;;;;;;;
41;18;5;5.25;5.15;7.5;41.5;780.6;51659.5;0;263705.3;0;0;0;;;;;;;;;;;
41;19;5.25;5.5;5.41;21.4;115.2;2167;193332.6;0;1311745.7;0;0;0;;;;;;;;;;;
41;20;5.5;5.75;5.64;112.4;608.4;11444;948824.6;0;6185964.7;0;0;0;;;;;;;;;;;
41;21;5.75;6;5.86;228.2;1258.2;23667;1518706.7;0;7290812.4;0;0;0;;;;;;;;;;;
41;22;6;6.25;6.09;109.1;612;11512;496724.7;0;2502206.6;0;0;0;;;;;;;;;;;
41;23;6.25;6.5;6.36;43.5;249.8;4698.9;96940.7;0;558307.6;0;0;0;;;;;;;;;;;
41;24;6.5;6.75;6.61;26.2;153.1;2879.9;44502.3;0;305042.3;0;0;0;;;;;;;;;;;
41;25;6.75;7;6.88;36.3;212.8;4002.9;39228.3;0;395727.3;0;0;0;;;;;;;;;;;
41;26;7;7.25;7.13;43.9;256.7;4828.7;47601.6;0;486923.2;0;0;0;;;;;;;;;;;
41;27;7.25;7.5;7.35;19.3;112.6;2118.1;24091.8;0;215812.5;0;0;0;;;;;;;;;;;
41;28;7.5;7.75;7.58;0.7;4.2;79;3039.9;0;7235.4;0;0;0;;;;;;;;;;;
41;29;7.75;8;7.89;0.1;0.4;7.5;1222.7;0;171.8;0;0;0;;;;;;;;;;;
41;30;8;8.25;8.09;0;0.2;3.8;609.1;0;87;0;0;0;;;;;;;;;;;
42;19;5.25;5.5;5.41;42.8;239.6;450.7;28359.8;0;109011.8;0;67083.9;0;;;;;;;;;;;
42;20;5.5;5.75;5.65;164.9;931.6;1752.41;110612.8;0;422564.3;0;209902.1;0;;;;;;;;;;;
42;21;5.75;6;5.84;150.4;849.9;1598.72;100904.6;0;381405.8;0;187594.3;0;;;;;;;;;;;
42;22;6;6.25;6.13;68.4;359.3;675.87;41575.4;0;115302.1;0;124078.3;0;;;;;;;;;;;
42;23;6.25;6.5;6.39;101;523.8;985.31;60328.1;0;141883.6;0;212016;0;;;;;;;;;;;
42;24;6.5;6.75;6.64;237.9;1284.3;2415.86;150130.5;0;197054;0;973618.7;0;;;;;;;;;;;
42;25;6.75;7;6.89;414.7;2269.9;4269.85;266821.5;0;272275.2;63246;2022739.6;0;;;;;;;;;;;
42;26;7;7.25;7.12;551.8;3128.2;5884.37;372184.2;0;160903.2;1184882.2;3363450.4;0;;;;;;;;;;;
42;27;7.25;7.5;7.35;261.1;1440.5;2709.68;169637.8;0;86472.5;2192.1;1463842.3;0;;;;;;;;;;;
42;28;7.5;7.75;7.59;76.5;407.2;765.97;47348.3;0;25482.8;0;371474.9;0;;;;;;;;;;;
42;29;7.75;8;7.86;20.1;110.8;208.42;13050;0;8549.9;0;104751.9;0;;;;;;;;;;;
42;30;8;8.25;8.12;15.9;90.2;169.67;10721.5;0;6342.2;0;90024.6;0;;;;;;;;;;;
42;31;8.25;8.5;8.37;16.2;91.2;171.55;10822.6;0;7246.1;0;90479.1;0;;;;;;;;;;;
42;32;8.5;8.75;8.62;21.6;125.8;236.64;15078.8;0;4988.6;0;150179.5;0;;;;;;;;;;;
42;33;8.75;9;8.84;5.6;32.1;60.38;3833.8;0;1431;0;39259.8;0;;;;;;;;;;;
42;34;9;9.25;9.09;1.1;6.4;12.04;770.1;0;181.9;0;8630.5;0;;;;;;;;;;;
43;19;5.25;5.5;5.43;36.7;159.6;300.22;12096.5;0;5930.7;56960.6;46354.1;0;;;;;;;;;;;
43;20;5.5;5.75;5.63;230;1000.6;1882.2;75816.5;0;209182.6;245694.3;410797.1;0;;;;;;;;;;;
43;21;5.75;6;5.9;340.7;1481.9;2787.56;112293.8;0;511377.6;222402.8;421282.5;0;;;;;;;;;;;
43;22;6;6.25;6.12;662.9;2883.3;5423.7;218480.5;0;991196.2;179354.5;499990.2;0;;;;;;;;;;;
43;23;6.25;6.5;6.36;370.7;1612.6;3033.42;122194;0;567373.4;112306.3;193316.3;0;;;;;;;;;;;
43;24;6.5;6.75;6.62;313.3;1362.6;2563.15;103249.1;0;383271.6;170463.3;225272.9;0;;;;;;;;;;;
43;25;6.75;7;6.87;283.8;1234.8;2322.75;93634.2;0;189630;366888;190235.9;0;;;;;;;;;;;
43;26;7;7.25;7.12;227.9;996.7;1874.86;76389.3;0;133806.9;482071.2;102419.8;0;;;;;;;;;;;
43;27;7.25;7.5;7.36;178;776;1459.71;59074.5;0;120061.2;407262.6;78490.6;0;;;;;;;;;;;
43;28;7.5;7.75;7.61;123.2;535.8;1007.88;40601.6;0;66599.4;247991.7;78993.8;0;;;;;;;;;;;
43;29;7.75;8;7.87;75;326;613.23;24704.6;0;36213.9;115508.9;74280.7;0;;;;;;;;;;;
43;30;8;8.25;8.1;46.3;201.3;378.66;15252.5;0;45261.6;48030.9;59635.4;0;;;;;;;;;;;
43;31;8.25;8.5;8.37;20.8;90.5;170.24;6858.9;0;1830.3;28890.4;48911.7;0;;;;;;;;;;;
43;32;8.5;8.75;8.62;8.4;36.7;69.04;2782.7;0;0;19786.1;10050.9;0;;;;;;;;;;;
43;33;8.75;9;8.86;5.6;24.2;45.52;1837.3;0;0;14266.5;0;0;;;;;;;;;;;
43;34;9;9.25;9.11;2.1;9.3;17.49;703.5;0;0;5595.8;0;0;;;;;;;;;;;
